combined,Open,High,Low,Close
2022-09-01 13:00,,,,
2022-09-01 14:00,,,,
2022-09-01 15:00,,,,
2022-09-01 15:00,,,,
2022-09-02 13:00,,,,
2022-09-02 13:00,,,,
2022-09-02 13:00,,,,
2022-09-06 14:00,,,,
2022-09-06 15:00,,,,
2022-09-06 15:00,,,,
2022-09-08 13:00,,,,
2022-09-08 13:00,,,,
2022-09-08 13:00,,,,
2022-09-08 13:00,,,,
2022-09-08 14:00,,,,
2022-09-08 16:00,,,,
2022-09-12 18:00,,,,
2022-09-13 07:00,,,,
2022-09-13 13:00,,,,
2022-09-13 13:00,,,,
2022-09-13 13:00,,,,
2022-09-13 18:00,,,,
2022-09-14 13:00,,,,
2022-09-14 15:00,,,,
2022-09-15 13:00,,,,
2022-09-15 13:00,,,,
2022-09-15 13:00,,,,
2022-09-15 13:00,,,,
2022-09-16 10:00,,,,
2022-09-21 15:00,,,,
2022-09-21 15:00,,,,
2022-09-21 19:00,,,,
2022-09-21 19:00,,,,
2022-09-21 19:00,,,,
2022-09-21 19:00,,,,
2022-09-22 13:00,,,,
2022-09-23 14:00,,,,
2022-09-23 14:00,,,,
2022-09-23 19:00,,,,
2022-09-27 13:00,20287.6484375,20302.642578125,20148.33203125,20196.318359375
2022-09-27 15:00,20210.626953125,20223.22265625,20038.451171875,20038.451171875
2022-09-27 15:00,20210.626953125,20223.22265625,20038.451171875,20038.451171875
2022-09-28 15:00,19375.75,19460.490234375,19375.75,19459.591796875
2022-09-28 15:00,19375.75,19460.490234375,19375.75,19459.591796875
2022-09-29 13:00,19226.890625,19323.64453125,18999.732421875,19045.69921875
2022-09-29 13:00,19226.890625,19323.64453125,18999.732421875,19045.69921875
2022-09-29 13:00,19226.890625,19323.64453125,18999.732421875,19045.69921875
2022-09-30 10:00,19519.673828125,19550.919921875,19475.451171875,19476.962890625
2022-09-30 13:00,19303.05859375,19440.919921875,19265.662109375,19440.919921875
2022-09-30 13:00,19303.05859375,19440.919921875,19265.662109375,19440.919921875
2022-09-30 14:00,19438.634765625,19956.736328125,19438.634765625,19956.736328125
2022-10-03 14:00,19195.908203125,19431.416015625,19195.908203125,19412.041015625
2022-10-03 15:00,19410.751953125,19457.9140625,19358.73046875,19358.73046875
2022-10-03 15:00,19410.751953125,19457.9140625,19358.73046875,19358.73046875
2022-10-04 15:00,20100.326171875,20109.0625,20067.78125,20090.126953125
2022-10-05 13:00,20036.4296875,20036.724609375,19872.755859375,19914.13671875
2022-10-05 14:00,19914.625,19914.625,19801.80078125,19894.6484375
2022-10-05 15:00,19897.0859375,19985.943359375,19893.568359375,19985.943359375
2022-10-05 15:00,19897.0859375,19985.943359375,19893.568359375,19985.943359375
2022-10-05 15:00,19897.0859375,19985.943359375,19893.568359375,19985.943359375
2022-10-06 13:00,20201.263671875,20252.951171875,20078.951171875,20165.482421875
2022-10-07 13:00,19649.57421875,19663.265625,19586.609375,19601.91015625
2022-10-07 13:00,19649.57421875,19663.265625,19586.609375,19601.91015625
2022-10-07 13:00,19649.57421875,19663.265625,19586.609375,19601.91015625
2022-10-12 13:00,19083.48046875,19127.556640625,19054.1796875,19117.88671875
2022-10-12 18:00,19081.923828125,19143.54296875,19081.923828125,19116.658203125
2022-10-12 19:00,19117.62109375,19160.203125,19113.359375,19144.591796875
2022-10-13 07:00,19066.994140625,19066.994140625,18981.197265625,19012.697265625
2022-10-13 13:00,18408.037109375,18470.35546875,18319.822265625,18454.548828125
2022-10-13 13:00,18408.037109375,18470.35546875,18319.822265625,18454.548828125
2022-10-13 13:00,18408.037109375,18470.35546875,18319.822265625,18454.548828125
2022-10-13 13:00,18408.037109375,18470.35546875,18319.822265625,18454.548828125
2022-10-13 16:00,18942.220703125,19135.91015625,18917.787109375,19094.1640625
2022-10-13 18:00,19147.1796875,19419.92578125,19147.1796875,19419.92578125
2022-10-14 13:00,19806.861328125,19806.861328125,19651.58984375,19663.771484375
2022-10-14 13:00,19806.861328125,19806.861328125,19651.58984375,19663.771484375
2022-10-19 10:00,19268.11328125,19274.72265625,19206.47265625,19217.0078125
2022-10-19 15:00,19169.2890625,19280.685546875,19166.130859375,19276.66796875
2022-10-20 13:00,19161.759765625,19211.025390625,19148.123046875,19206.2734375
2022-10-20 13:00,19161.759765625,19211.025390625,19148.123046875,19206.2734375
2022-10-20 15:00,19301.927734375,19315.19921875,19264.533203125,19264.533203125
2022-10-24 14:00,19365.1328125,19365.1328125,19206.32421875,19267.625
2022-10-24 14:00,19365.1328125,19365.1328125,19206.32421875,19267.625
2022-10-25 15:00,19494.388671875,19766.810546875,19494.388671875,19750.052734375
2022-10-26 15:00,20828.291015625,20909.998046875,20827.890625,20840.685546875
2022-10-26 15:00,20828.291015625,20909.998046875,20827.890625,20840.685546875
2022-10-27 13:00,20703.83984375,20718.42578125,20484.90625,20484.90625
2022-10-27 13:00,20703.83984375,20718.42578125,20484.90625,20484.90625
2022-10-27 13:00,20703.83984375,20718.42578125,20484.90625,20484.90625
2022-10-27 13:00,20703.83984375,20718.42578125,20484.90625,20484.90625
2022-10-27 13:00,20703.83984375,20718.42578125,20484.90625,20484.90625
2022-10-27 13:00,20703.83984375,20718.42578125,20484.90625,20484.90625
2022-10-28 09:00,20194.296875,20220.708984375,20166.927734375,20198.45703125
2022-10-28 13:00,20213.21484375,20531.26953125,20213.21484375,20483.525390625
2022-10-28 13:00,20213.21484375,20531.26953125,20213.21484375,20483.525390625
2022-10-28 13:00,20213.21484375,20531.26953125,20213.21484375,20483.525390625
2022-10-31 11:00,20738.947265625,20795.3203125,20727.61328125,20729.33984375
2022-10-31 14:00,20489.119140625,20489.119140625,20287.458984375,20337.130859375
2022-10-31 21:00,20414.216796875,20419.890625,20398.9296875,20419.890625
2022-11-01 14:00,20424.06640625,20459.97265625,20359.845703125,20410.962890625
2022-11-01 15:00,20408.916015625,20448.306640625,20400.166015625,20423.361328125
2022-11-01 15:00,20408.916015625,20448.306640625,20400.166015625,20423.361328125
2022-11-01 15:00,20408.916015625,20448.306640625,20400.166015625,20423.361328125
2022-11-02 13:00,20401.5234375,20422.3046875,20383.419921875,20403.150390625
2022-11-02 15:00,20437.39453125,20437.39453125,20408.845703125,20419.880859375
2022-11-02 19:00,20464.7734375,20565.6640625,20219.103515625,20272.150390625
2022-11-02 19:00,20464.7734375,20565.6640625,20219.103515625,20272.150390625
2022-11-02 19:00,20464.7734375,20565.6640625,20219.103515625,20272.150390625
2022-11-03 13:00,20121.59765625,20208.744140625,20121.59765625,20129.3671875
2022-11-03 14:00,20127.072265625,20318.892578125,20123.81640625,20308.572265625
2022-11-03 15:00,20304.76171875,20310.537109375,20240.134765625,20248.943359375
2022-11-03 15:00,20304.76171875,20310.537109375,20240.134765625,20248.943359375
2022-11-04 13:00,20718.966796875,20849.58984375,20715.181640625,20740.681640625
2022-11-04 13:00,20718.966796875,20849.58984375,20715.181640625,20740.681640625
2022-11-04 13:00,20718.966796875,20849.58984375,20715.181640625,20740.681640625
2022-11-09 16:00,17185.5234375,17262.544921875,17052.486328125,17139.66796875
2022-11-09 19:00,16645.767578125,16967.150390625,16645.767578125,16809.224609375
2022-11-10 14:00,17572.923828125,17606.298828125,17434.1640625,17603.916015625
2022-11-10 14:00,17572.923828125,17606.298828125,17434.1640625,17603.916015625
2022-11-10 14:00,17572.923828125,17606.298828125,17434.1640625,17603.916015625
2022-11-10 14:00,17572.923828125,17606.298828125,17434.1640625,17603.916015625
2022-11-10 19:00,17342.998046875,17445.505859375,17285.185546875,17445.505859375
2022-11-11 08:00,17394.884765625,17451.1953125,17318.10546875,17444.3828125
2022-11-15 14:00,16964.365234375,16980.8828125,16853.380859375,16909.92578125
2022-11-16 14:00,16521.95703125,16551.61328125,16455.20703125,16464.0078125
2022-11-16 14:00,16521.95703125,16551.61328125,16455.20703125,16464.0078125
2022-11-16 16:00,16445.015625,16530.361328125,16430.111328125,16521.96875
2022-11-17 11:00,16535.537109375,16592.048828125,16533.6484375,16592.048828125
2022-11-17 14:00,16499.833984375,16539.095703125,16486.19140625,16516.466796875
2022-11-17 14:00,16499.833984375,16539.095703125,16486.19140625,16516.466796875
2022-11-17 19:00,16695.83203125,16697.046875,16636.15234375,16636.15234375
2022-11-18 16:00,16688.98828125,16709.50390625,16649.814453125,16654.833984375
2022-11-23 14:00,16428.0625,16477.337890625,16380.9169921875,16464.666015625
2022-11-23 14:00,16428.0625,16477.337890625,16380.9169921875,16464.666015625
2022-11-23 15:00,16464.453125,16484.974609375,16415.998046875,16418.595703125
2022-11-23 15:00,16464.453125,16484.974609375,16415.998046875,16418.595703125
2022-11-23 16:00,16420.626953125,16445.798828125,16375.9541015625,16375.9541015625
2022-11-23 16:00,16420.626953125,16445.798828125,16375.9541015625,16375.9541015625
2022-11-23 20:00,16471.7109375,16561.736328125,16442.646484375,16561.736328125
2022-11-25 08:00,16464.201171875,16478.232421875,16433.505859375,16451.650390625
2022-11-29 14:00,16422.001953125,16451.9140625,16393.857421875,16393.857421875
2022-11-29 16:00,16400.029296875,16416.45703125,16366.658203125,16413.818359375
2022-11-30 11:00,16879.78125,16897.91796875,16878.0078125,16887.109375
2022-11-30 14:00,16813.42578125,16853.080078125,16813.42578125,16853.080078125
2022-11-30 14:00,16813.42578125,16853.080078125,16813.42578125,16853.080078125
2022-11-30 15:00,16852.650390625,16861.029296875,16825.234375,16861.0
2022-11-30 16:00,16862.6171875,16887.40625,16856.484375,16861.38671875
2022-11-30 16:00,16862.6171875,16887.40625,16856.484375,16861.38671875
2022-11-30 19:00,16915.728515625,17094.998046875,16915.728515625,17047.30078125
2022-12-01 14:00,17083.6640625,17125.521484375,17046.26953125,17125.521484375
2022-12-01 14:00,17083.6640625,17125.521484375,17046.26953125,17125.521484375
2022-12-01 14:00,17083.6640625,17125.521484375,17046.26953125,17125.521484375
2022-12-01 15:00,17122.296875,17122.296875,16952.634765625,16979.9375
2022-12-01 16:00,16980.20703125,16994.921875,16948.296875,16985.869140625
2022-12-01 16:00,16980.20703125,16994.921875,16948.296875,16985.869140625
2022-12-02 13:00,17022.416015625,17080.3671875,16886.052734375,16900.2890625
2022-12-02 14:00,16900.896484375,16954.080078125,16877.880859375,16924.845703125
2022-12-02 14:00,16900.896484375,16954.080078125,16877.880859375,16924.845703125
2022-12-05 15:00,17224.3046875,17224.3046875,17072.044921875,17095.166015625
2022-12-05 16:00,17099.021484375,17109.974609375,17067.72265625,17067.72265625
2022-12-05 16:00,17099.021484375,17109.974609375,17067.72265625,17067.72265625
2022-12-07 16:00,16843.72265625,16846.662109375,16804.04296875,16814.982421875
2022-12-08 14:00,16855.650390625,16866.599609375,16837.287109375,16866.599609375
2022-12-09 14:00,17180.681640625,17180.681640625,17115.650390625,17158.48828125
2022-12-12 19:00,17031.625,17040.291015625,17019.900390625,17040.291015625
2022-12-13 08:00,17164.453125,17191.728515625,17160.033203125,17171.28125
2022-12-13 14:00,17888.31640625,17930.0859375,17847.796875,17866.69140625
2022-12-13 14:00,17888.31640625,17930.0859375,17847.796875,17866.69140625
2022-12-13 14:00,17888.31640625,17930.0859375,17847.796875,17866.69140625
2022-12-13 19:00,17706.658203125,17762.21875,17706.658203125,17739.677734375
2022-12-14 16:00,18070.00390625,18124.845703125,18064.990234375,18102.298828125
2022-12-14 20:00,17808.40625,17906.134765625,17739.513671875,17782.79296875
2022-12-14 20:00,17808.40625,17906.134765625,17739.513671875,17782.79296875
2022-12-14 20:00,17808.40625,17906.134765625,17739.513671875,17782.79296875
2022-12-14 20:00,17808.40625,17906.134765625,17739.513671875,17782.79296875
2022-12-15 14:00,17529.2890625,17553.41015625,17474.16015625,17474.16015625
2022-12-15 14:00,17529.2890625,17553.41015625,17474.16015625,17474.16015625
2022-12-15 14:00,17529.2890625,17553.41015625,17474.16015625,17474.16015625
2022-12-15 14:00,17529.2890625,17553.41015625,17474.16015625,17474.16015625
2022-12-15 14:00,17529.2890625,17553.41015625,17474.16015625,17474.16015625
2022-12-15 14:00,17529.2890625,17553.41015625,17474.16015625,17474.16015625
2022-12-15 14:00,17529.2890625,17553.41015625,17474.16015625,17474.16015625
2022-12-16 11:00,17003.12890625,17044.4453125,16999.482421875,17031.93359375
2022-12-16 15:00,17043.34765625,17043.34765625,16964.025390625,16985.537109375
2022-12-16 15:00,17043.34765625,17043.34765625,16964.025390625,16985.537109375
2022-12-21 16:00,16859.27734375,16866.439453125,16809.115234375,16809.966796875
2022-12-21 16:00,16859.27734375,16866.439453125,16809.115234375,16809.966796875
2022-12-21 16:00,16859.27734375,16866.439453125,16809.115234375,16809.966796875
2022-12-22 14:00,16789.86328125,16797.369140625,16682.810546875,16687.88671875
2022-12-22 14:00,16789.86328125,16797.369140625,16682.810546875,16687.88671875
2022-12-23 14:00,16859.23046875,16859.23046875,16798.01953125,16804.74609375
2022-12-23 14:00,16859.23046875,16859.23046875,16798.01953125,16804.74609375
2022-12-23 14:00,16859.23046875,16859.23046875,16798.01953125,16804.74609375
2022-12-23 16:00,16854.658203125,16854.658203125,16835.822265625,16836.212890625
2022-12-29 14:00,16626.255859375,16648.029296875,16610.4296875,16631.623046875
2022-12-29 17:00,16642.07421875,16642.07421875,16607.95703125,16618.705078125
2022-12-30 15:00,16419.330078125,16554.546875,16419.330078125,16543.513671875
2023-01-03 14:00,16728.587890625,16759.248046875,16696.62890625,16696.62890625
2023-01-03 15:00,16687.10546875,16687.10546875,16639.509765625,16665.87109375
2023-01-04 16:00,16853.30078125,16879.1484375,16844.380859375,16867.66796875
2023-01-04 16:00,16853.30078125,16879.1484375,16844.380859375,16867.66796875
2023-01-04 16:00,16853.30078125,16879.1484375,16844.380859375,16867.66796875
2023-01-04 20:00,16840.978515625,16847.107421875,16802.75390625,16804.451171875
2023-01-05 14:00,16801.365234375,16835.70703125,16790.283203125,16835.70703125
2023-01-05 14:00,16801.365234375,16835.70703125,16790.283203125,16835.70703125
2023-01-05 15:00,16836.318359375,16878.7578125,16828.84375,16854.46484375
2023-01-05 17:00,16841.6953125,16848.5859375,16825.419921875,16825.72265625
2023-01-06 11:00,16777.484375,16777.484375,16738.06640625,16747.888671875
2023-01-06 14:00,16771.61328125,16777.560546875,16738.009765625,16752.998046875
2023-01-06 14:00,16771.61328125,16777.560546875,16738.009765625,16752.998046875
2023-01-06 14:00,16771.61328125,16777.560546875,16738.009765625,16752.998046875
2023-01-06 16:00,16829.205078125,16834.458984375,16805.50390625,16827.76953125
2023-01-06 16:00,16829.205078125,16834.458984375,16805.50390625,16827.76953125
2023-01-10 15:00,17284.23046875,17353.701171875,17280.509765625,17322.560546875
2023-01-11 16:00,17341.826171875,17369.03515625,17340.419921875,17357.876953125
2023-01-11 19:00,17477.328125,17547.13671875,17476.146484375,17538.376953125
2023-01-12 14:00,18277.40234375,18317.6171875,17995.203125,18011.955078125
2023-01-12 14:00,18277.40234375,18317.6171875,17995.203125,18011.955078125
2023-01-12 14:00,18277.40234375,18317.6171875,17995.203125,18011.955078125
2023-01-12 14:00,18277.40234375,18317.6171875,17995.203125,18011.955078125
2023-01-12 19:00,18801.296875,18933.34765625,18777.814453125,18877.9375
2023-01-17 08:00,21129.6328125,21196.806640625,21129.6328125,21196.806640625
2023-01-18 11:00,21189.888671875,21235.95703125,21188.7109375,21221.142578125
2023-01-18 14:00,21418.041015625,21564.501953125,21367.775390625,21422.412109375
2023-01-18 14:00,21418.041015625,21564.501953125,21367.775390625,21422.412109375
2023-01-18 14:00,21418.041015625,21564.501953125,21367.775390625,21422.412109375
2023-01-19 14:00,20788.205078125,20846.576171875,20738.79296875,20789.580078125
2023-01-19 14:00,20788.205078125,20846.576171875,20738.79296875,20789.580078125
2023-01-19 17:00,20883.1171875,20935.7578125,20828.455078125,20841.736328125
2023-01-20 16:00,21142.61328125,21367.4921875,21142.61328125,21336.751953125
2023-01-24 15:00,22912.2265625,22940.373046875,22825.888671875,22939.4296875
2023-01-24 15:00,22912.2265625,22940.373046875,22825.888671875,22939.4296875
2023-01-25 16:00,22591.52734375,22664.72265625,22556.2890625,22647.19140625
2023-01-26 14:00,23123.80859375,23215.00390625,22997.564453125,23005.0078125
2023-01-26 14:00,23123.80859375,23215.00390625,22997.564453125,23005.0078125
2023-01-26 14:00,23123.80859375,23215.00390625,22997.564453125,23005.0078125
2023-01-26 16:00,22969.248046875,23031.86328125,22911.373046875,23003.21875
2023-01-26 20:00,23073.41015625,23132.888671875,23066.666015625,23132.888671875
2023-01-27 14:00,22915.447265625,23037.75390625,22880.603515625,23001.6484375
2023-01-27 14:00,22915.447265625,23037.75390625,22880.603515625,23001.6484375
2023-01-30 10:00,23203.0625,23292.66796875,23166.82421875,23231.46484375
2023-01-31 15:00,23148.70703125,23185.14453125,23113.515625,23133.6640625
2023-01-31 16:00,23133.8046875,23194.484375,23111.458984375,23124.517578125
2023-02-01 11:00,23016.28125,23094.9609375,23013.99609375,23075.4765625
2023-02-01 14:00,23103.400390625,23142.109375,23060.513671875,23116.509765625
2023-02-01 15:00,23114.951171875,23114.951171875,22978.439453125,23005.1875
2023-02-01 16:00,22997.091796875,23040.671875,22978.310546875,22986.75390625
2023-02-01 16:00,22997.091796875,23040.671875,22978.310546875,22986.75390625
2023-02-01 16:00,22997.091796875,23040.671875,22978.310546875,22986.75390625
2023-02-01 16:00,22997.091796875,23040.671875,22978.310546875,22986.75390625
2023-02-01 20:00,23389.1015625,23605.525390625,23370.76171875,23543.388671875
2023-02-01 20:00,23389.1015625,23605.525390625,23370.76171875,23543.388671875
2023-02-01 20:00,23389.1015625,23605.525390625,23370.76171875,23543.388671875
2023-02-02 14:00,23760.9609375,23906.009765625,23697.970703125,23697.970703125
2023-02-02 14:00,23760.9609375,23906.009765625,23697.970703125,23697.970703125
2023-02-02 14:00,23760.9609375,23906.009765625,23697.970703125,23697.970703125
2023-02-02 14:00,23760.9609375,23906.009765625,23697.970703125,23697.970703125
2023-02-03 14:00,23357.82421875,23545.927734375,23318.892578125,23519.515625
2023-02-03 14:00,23357.82421875,23545.927734375,23318.892578125,23519.515625
2023-02-03 14:00,23357.82421875,23545.927734375,23318.892578125,23519.515625
2023-02-03 15:00,23520.59765625,23676.6328125,23450.94140625,23608.427734375
2023-02-03 16:00,23608.12109375,23678.103515625,23575.796875,23575.796875
2023-02-03 16:00,23608.12109375,23678.103515625,23575.796875,23575.796875
2023-02-07 18:00,23297.83203125,23310.974609375,22851.65625,22927.904296875
2023-02-08 16:00,22887.66796875,22940.568359375,22731.09765625,22940.568359375
2023-02-08 19:00,22887.328125,22918.244140625,22850.775390625,22884.49609375
2023-02-09 08:00,22682.8359375,22745.12109375,22682.8359375,22730.091796875
2023-02-09 14:00,22752.712890625,22770.21875,22712.111328125,22720.482421875
2023-02-09 19:00,22524.845703125,22525.484375,21992.767578125,22010.240234375
2023-02-14 14:00,21761.34375,22170.248046875,21632.39453125,22170.248046875
2023-02-14 14:00,21761.34375,22170.248046875,21632.39453125,22170.248046875
2023-02-14 14:00,21761.34375,22170.248046875,21632.39453125,22170.248046875
2023-02-15 14:00,22721.912109375,22773.859375,22664.474609375,22693.951171875
2023-02-15 14:00,22721.912109375,22773.859375,22664.474609375,22693.951171875
2023-02-15 16:00,22820.990234375,22871.78515625,22769.560546875,22781.30078125
2023-02-16 14:00,24448.310546875,24484.908203125,24359.697265625,24446.021484375
2023-02-16 14:00,24448.310546875,24484.908203125,24359.697265625,24446.021484375
2023-02-16 14:00,24448.310546875,24484.908203125,24359.697265625,24446.021484375
2023-02-21 15:00,24688.427734375,24698.638671875,24516.869140625,24580.814453125
2023-02-21 15:00,24688.427734375,24698.638671875,24516.869140625,24580.814453125
2023-02-21 16:00,24578.021484375,24588.328125,24348.19921875,24415.943359375
2023-02-22 08:00,24076.171875,24076.171875,23902.54296875,23967.302734375
2023-02-22 20:00,23810.15625,23855.5078125,23781.5,23804.107421875
2023-02-23 11:00,24278.634765625,24278.634765625,23733.71484375,23772.6015625
2023-02-23 14:00,24019.6953125,24139.087890625,23971.3125,24040.58984375
2023-02-23 14:00,24019.6953125,24139.087890625,23971.3125,24040.58984375
2023-02-23 17:00,23832.068359375,23964.0,23809.021484375,23861.37890625
2023-02-24 08:00,23855.212890625,23942.4609375,23798.99609375,23904.73046875
2023-02-24 14:00,23792.142578125,23850.330078125,23739.78125,23850.330078125
2023-02-24 14:00,23792.142578125,23850.330078125,23739.78125,23850.330078125
2023-02-24 16:00,23400.048828125,23400.048828125,23082.158203125,23217.298828125
2023-02-27 14:00,23720.947265625,23795.810546875,23699.837890625,23784.361328125
2023-02-28 15:00,23457.408203125,23532.796875,23440.208984375,23516.955078125
2023-02-28 16:00,23519.75390625,23585.384765625,23457.017578125,23477.333984375
2023-03-01 14:00,23700.82421875,23821.146484375,23653.19140625,23777.255859375
2023-03-01 15:00,23752.810546875,23754.755859375,23639.119140625,23721.572265625
2023-03-01 16:00,23727.3984375,23734.7890625,23618.806640625,23719.39453125
2023-03-01 16:00,23727.3984375,23734.7890625,23618.806640625,23719.39453125
2023-03-01 16:00,23727.3984375,23734.7890625,23618.806640625,23719.39453125
2023-03-02 11:00,23394.025390625,23428.51171875,23382.134765625,23427.34765625
2023-03-02 14:00,23319.234375,23344.9296875,23245.021484375,23314.35546875
2023-03-03 15:00,22411.1015625,22411.1015625,22321.287109375,22353.599609375
2023-03-03 16:00,22350.685546875,22375.451171875,22349.27734375,22371.078125
2023-03-03 16:00,22350.685546875,22375.451171875,22349.27734375,22371.078125
2023-03-03 16:00,22350.685546875,22375.451171875,22349.27734375,22371.078125
2023-03-07 16:00,22348.7421875,22375.427734375,22248.0625,22272.455078125
2023-03-08 14:00,21992.1875,22026.203125,21961.3203125,21998.46484375
2023-03-08 16:00,22158.6796875,22198.90234375,22078.8125,22152.9609375
2023-03-08 16:00,22158.6796875,22198.90234375,22078.8125,22152.9609375
2023-03-08 16:00,22158.6796875,22198.90234375,22078.8125,22152.9609375
2023-03-08 19:00,22037.23828125,22057.3046875,22013.009765625,22016.279296875
2023-03-09 14:00,21710.484375,21796.12109375,21702.8203125,21718.7109375
2023-03-09 19:00,21061.56640625,21061.56640625,20842.669921875,20862.9921875
2023-03-10 08:00,19976.404296875,19976.814453125,19893.34375,19956.234375
2023-03-10 14:00,20204.451171875,20204.451171875,19740.640625,19844.951171875
2023-03-10 14:00,20204.451171875,20204.451171875,19740.640625,19844.951171875
2023-03-10 14:00,20204.451171875,20204.451171875,19740.640625,19844.951171875
2023-03-13 14:00,22577.896484375,23679.314453125,22504.60546875,23656.4609375
2023-03-14 13:00,25977.275390625,26514.716796875,25793.453125,25888.626953125
2023-03-14 13:00,25977.275390625,26514.716796875,25793.453125,25888.626953125
2023-03-14 13:00,25977.275390625,26514.716796875,25793.453125,25888.626953125
2023-03-15 13:00,24933.599609375,25240.615234375,24870.75,24873.111328125
2023-03-15 13:00,24933.599609375,25240.615234375,24870.75,24873.111328125
2023-03-15 13:00,24933.599609375,25240.615234375,24870.75,24873.111328125
2023-03-15 15:00,24784.099609375,24833.466796875,24472.86328125,24537.775390625
2023-03-16 13:00,24787.806640625,24895.69921875,24624.744140625,24887.98828125
2023-03-16 13:00,24787.806640625,24895.69921875,24624.744140625,24887.98828125
2023-03-16 14:00,24886.96484375,25047.998046875,24759.0625,24928.181640625
2023-03-16 14:00,24886.96484375,25047.998046875,24759.0625,24928.181640625
2023-03-16 14:00,24886.96484375,25047.998046875,24759.0625,24928.181640625
2023-03-17 11:00,26769.388671875,27002.38671875,26663.505859375,27002.38671875
2023-03-21 15:00,27936.533203125,28118.4140625,27914.359375,28092.66796875
2023-03-22 15:00,28602.439453125,28759.9140625,28523.54296875,28614.41015625
2023-03-22 19:00,28057.44921875,28057.44921875,26771.744140625,26846.64453125
2023-03-22 19:00,28057.44921875,28057.44921875,26771.744140625,26846.64453125
2023-03-22 19:00,28057.44921875,28057.44921875,26771.744140625,26846.64453125
2023-03-23 13:00,27533.671875,27548.873046875,27359.24609375,27415.880859375
2023-03-23 15:00,28061.2265625,28729.84375,28061.2265625,28661.158203125
2023-03-24 13:00,28015.271484375,28015.271484375,27711.9140625,27938.537109375
2023-03-24 14:00,27972.609375,28208.205078125,27870.26953125,28028.796875
2023-03-24 14:00,27972.609375,28208.205078125,27870.26953125,28028.796875
2023-03-28 15:00,26947.353515625,27067.291015625,26927.416015625,26985.0078125
2023-03-29 15:00,28291.001953125,28486.166015625,28280.646484375,28459.37109375
2023-03-30 13:00,28646.87109375,28646.87109375,28472.4921875,28509.005859375
2023-03-30 13:00,28646.87109375,28646.87109375,28472.4921875,28509.005859375
2023-03-30 13:00,28646.87109375,28646.87109375,28472.4921875,28509.005859375
2023-03-31 10:00,27825.412109375,27990.94921875,27814.005859375,27897.984375
2023-03-31 13:00,28111.560546875,28509.205078125,28098.416015625,28380.939453125
2023-03-31 13:00,28111.560546875,28509.205078125,28098.416015625,28380.939453125
2023-03-31 14:00,28360.365234375,28639.896484375,28344.693359375,28541.548828125
2023-04-03 14:00,28256.595703125,28296.2578125,27965.349609375,28012.880859375
2023-04-03 15:00,28010.615234375,28111.142578125,27975.7109375,28061.421875
2023-04-03 15:00,28010.615234375,28111.142578125,27975.7109375,28061.421875
2023-04-04 15:00,28132.140625,28140.740234375,27979.751953125,28038.681640625
2023-04-05 13:00,28581.48046875,28588.408203125,28337.4609375,28403.193359375
2023-04-05 14:00,28406.283203125,28456.044921875,28120.27734375,28132.548828125
2023-04-05 15:00,28117.54296875,28117.54296875,27891.779296875,28086.591796875
2023-04-05 15:00,28117.54296875,28117.54296875,27891.779296875,28086.591796875
2023-04-05 15:00,28117.54296875,28117.54296875,27891.779296875,28086.591796875
2023-04-06 13:00,27915.357421875,27981.990234375,27765.341796875,27888.3125
2023-04-07 13:00,27906.83203125,27935.498046875,27854.18359375,27912.3203125
2023-04-07 13:00,27906.83203125,27935.498046875,27854.18359375,27912.3203125
2023-04-07 13:00,27906.83203125,27935.498046875,27854.18359375,27912.3203125
2023-04-12 13:00,30230.990234375,30316.646484375,30034.0703125,30076.193359375
2023-04-12 13:00,30230.990234375,30316.646484375,30034.0703125,30076.193359375
2023-04-12 13:00,30230.990234375,30316.646484375,30034.0703125,30076.193359375
2023-04-12 15:00,30075.28515625,30078.59375,29725.57421875,29986.2109375
2023-04-12 18:00,30045.923828125,30072.04296875,29875.796875,29949.052734375
2023-04-12 19:00,29938.935546875,29949.16796875,29806.28125,29806.28125
2023-04-13 07:00,30045.09375,30121.599609375,30038.64453125,30110.392578125
2023-04-13 13:00,30302.6640625,30341.40234375,30200.9921875,30200.9921875
2023-04-13 13:00,30302.6640625,30341.40234375,30200.9921875,30200.9921875
2023-04-13 18:00,30457.853515625,30539.845703125,30451.056640625,30479.19921875
2023-04-14 13:00,30633.6171875,30768.048828125,30633.6171875,30767.197265625
2023-04-14 13:00,30633.6171875,30768.048828125,30633.6171875,30767.197265625
2023-04-19 10:00,29208.9921875,29274.4375,29144.54296875,29274.4375
2023-04-19 15:00,29411.0390625,29435.984375,29214.791015625,29281.255859375
2023-04-20 13:00,28906.251953125,28906.251953125,28742.328125,28841.119140625
2023-04-20 13:00,28906.251953125,28906.251953125,28742.328125,28841.119140625
2023-04-20 15:00,28712.4140625,28722.380859375,28492.271484375,28492.271484375
2023-04-21 14:00,28124.283203125,28198.380859375,28038.392578125,28038.392578125
2023-04-21 14:00,28124.283203125,28198.380859375,28038.392578125,28038.392578125
2023-04-25 15:00,27291.6875,27412.986328125,27284.494140625,27353.90625
2023-04-25 15:00,27291.6875,27412.986328125,27284.494140625,27353.90625
2023-04-26 13:00,29970.669921875,29970.669921875,29682.9296875,29848.482421875
2023-04-26 15:00,29706.197265625,29830.5625,29696.74609375,29810.419921875
2023-04-27 13:00,28872.310546875,28964.982421875,28867.921875,28931.03515625
2023-04-27 13:00,28872.310546875,28964.982421875,28867.921875,28931.03515625
2023-04-28 09:00,29266.544921875,29298.619140625,29160.203125,29226.53515625
2023-04-28 13:00,29242.591796875,29360.994140625,28929.609375,29040.578125
2023-04-28 13:00,29242.591796875,29360.994140625,28929.609375,29040.578125
2023-04-28 13:00,29242.591796875,29360.994140625,28929.609375,29040.578125
2023-04-28 14:00,29049.5078125,29302.421875,29023.611328125,29079.08203125
2023-05-01 14:00,28463.927734375,28572.6796875,28429.2734375,28480.048828125
2023-05-01 15:00,28469.896484375,28476.982421875,28118.314453125,28185.20703125
2023-05-01 15:00,28469.896484375,28476.982421875,28118.314453125,28185.20703125
2023-05-02 10:00,27983.900390625,28046.783203125,27978.748046875,28027.509765625
2023-05-02 15:00,28381.12109375,28695.41015625,28276.78515625,28558.6875
2023-05-03 13:00,28319.185546875,28400.943359375,28185.779296875,28388.025390625
2023-05-03 14:00,28383.3046875,28389.486328125,28179.759765625,28220.111328125
2023-05-03 15:00,28213.26953125,28341.7734375,28178.388671875,28316.931640625
2023-05-03 15:00,28213.26953125,28341.7734375,28178.388671875,28316.931640625
2023-05-03 15:00,28213.26953125,28341.7734375,28178.388671875,28316.931640625
2023-05-03 19:00,28462.212890625,28508.69921875,28264.490234375,28337.908203125
2023-05-03 19:00,28462.212890625,28508.69921875,28264.490234375,28337.908203125
2023-05-03 19:00,28462.212890625,28508.69921875,28264.490234375,28337.908203125
2023-05-04 13:00,29064.56640625,29100.955078125,28711.67578125,28774.591796875
2023-05-04 13:00,29064.56640625,29100.955078125,28711.67578125,28774.591796875
2023-05-04 13:00,29064.56640625,29100.955078125,28711.67578125,28774.591796875
2023-05-04 13:00,29064.56640625,29100.955078125,28711.67578125,28774.591796875
2023-05-05 13:00,28962.44921875,29247.85546875,28919.30078125,29175.546875
2023-05-05 13:00,28962.44921875,29247.85546875,28919.30078125,29175.546875
2023-05-05 13:00,28962.44921875,29247.85546875,28919.30078125,29175.546875
2023-05-10 07:00,27635.232421875,27648.841796875,27546.9765625,27560.71484375
2023-05-10 13:00,28187.21875,28322.6875,28061.689453125,28190.90234375
2023-05-10 13:00,28187.21875,28322.6875,28061.689453125,28190.90234375
2023-05-10 13:00,28187.21875,28322.6875,28061.689453125,28190.90234375
2023-05-10 15:00,28098.361328125,28226.744140625,28098.361328125,28166.47265625
2023-05-10 18:00,27519.494140625,27525.669921875,27424.685546875,27460.3203125
2023-05-11 13:00,27407.80078125,27487.712890625,27171.583984375,27171.583984375
2023-05-11 13:00,27407.80078125,27487.712890625,27171.583984375,27171.583984375
2023-05-11 18:00,26928.490234375,27006.125,26805.205078125,26969.09765625
2023-05-16 13:00,,,,
2023-05-16 13:00,,,,
2023-05-17 10:00,26873.67578125,26904.11328125,26842.41015625,26857.5
2023-05-17 15:00,26777.2265625,26825.283203125,26738.587890625,26781.048828125
2023-05-18 13:00,27251.2109375,27271.79296875,27186.078125,27265.17578125
2023-05-18 13:00,27251.2109375,27271.79296875,27186.078125,27265.17578125
2023-05-18 15:00,27237.580078125,27290.310546875,27073.451171875,27082.216796875
2023-05-19 16:00,26895.41796875,26960.2265625,26831.84765625,26846.806640625
2023-05-23 14:00,27238.556640625,27355.041015625,27238.091796875,27332.9765625
2023-05-23 14:00,27238.556640625,27355.041015625,27238.091796875,27332.9765625
2023-05-23 15:00,27323.287109375,27347.958984375,27300.49609375,27324.58984375
2023-05-23 17:00,27232.037109375,27273.365234375,27191.87109375,27204.3359375
2023-05-24 15:00,26247.408203125,26355.71875,26106.576171875,26302.7578125
2023-05-24 19:00,26217.705078125,26374.8671875,26204.091796875,26236.912109375
2023-05-25 07:00,26258.853515625,26258.853515625,26125.1796875,26125.1796875
2023-05-25 13:00,26403.251953125,26430.234375,26274.69140625,26342.775390625
2023-05-25 13:00,26403.251953125,26430.234375,26274.69140625,26342.775390625
2023-05-26 13:00,26441.234375,26588.94921875,26441.234375,26569.3125
2023-05-26 13:00,26441.234375,26588.94921875,26441.234375,26569.3125
2023-05-26 13:00,26441.234375,26588.94921875,26441.234375,26569.3125
2023-05-30 15:00,27636.35546875,27727.92578125,27636.35546875,27684.326171875
2023-05-31 13:00,27076.53515625,27222.197265625,27068.798828125,27135.9921875
2023-05-31 14:00,27092.19921875,27105.65234375,26889.55859375,27061.78125
2023-05-31 15:00,27047.83203125,27058.013671875,26909.666015625,26932.6328125
2023-06-01 10:00,26914.228515625,26921.57421875,26866.634765625,26869.259765625
2023-06-01 13:00,26946.60546875,26968.8671875,26880.060546875,26915.853515625
2023-06-01 13:00,26946.60546875,26968.8671875,26880.060546875,26915.853515625
2023-06-01 14:00,26898.046875,26953.67578125,26845.87890625,26890.892578125
2023-06-01 15:00,26897.916015625,26944.03515625,26870.072265625,26883.537109375
2023-06-01 15:00,26897.916015625,26944.03515625,26870.072265625,26883.537109375
2023-06-01 16:00,26897.064453125,27124.95703125,26817.408203125,27112.3203125
2023-06-02 13:00,27106.5078125,27133.10546875,26897.99609375,26897.99609375
2023-06-02 13:00,27106.5078125,27133.10546875,26897.99609375,26897.99609375
2023-06-02 13:00,27106.5078125,27133.10546875,26897.99609375,26897.99609375
2023-06-05 14:00,26742.2890625,26809.65625,26713.0625,26803.90625
2023-06-05 15:00,26804.90234375,26810.21875,26124.625,26124.625
2023-06-05 15:00,26804.90234375,26810.21875,26124.625,26124.625
2023-06-07 15:00,26450.890625,26652.76953125,26297.591796875,26324.431640625
2023-06-08 13:00,26477.466796875,26477.466796875,26342.078125,26399.0
2023-06-12 18:00,25806.01953125,25857.015625,25767.166015625,25835.072265625
2023-06-13 07:00,26081.560546875,26113.09765625,26074.029296875,26074.53125
2023-06-13 13:00,26076.115234375,26133.365234375,26014.01953125,26068.005859375
2023-06-13 13:00,26076.115234375,26133.365234375,26014.01953125,26068.005859375
2023-06-13 13:00,26076.115234375,26133.365234375,26014.01953125,26068.005859375
2023-06-13 18:00,25815.54296875,25960.197265625,25804.138671875,25882.892578125
2023-06-14 13:00,26018.435546875,26024.404296875,25955.041015625,25970.45703125
2023-06-14 15:00,25996.205078125,26017.767578125,25947.947265625,25971.16015625
2023-06-14 19:00,25907.365234375,25966.31640625,25856.798828125,25868.40625
2023-06-14 19:00,25907.365234375,25966.31640625,25856.798828125,25868.40625
2023-06-14 19:00,25907.365234375,25966.31640625,25856.798828125,25868.40625
2023-06-14 19:00,25907.365234375,25966.31640625,25856.798828125,25868.40625
2023-06-15 13:00,24897.787109375,25041.84765625,24879.48828125,25016.294921875
2023-06-15 13:00,24897.787109375,25041.84765625,24879.48828125,25016.294921875
2023-06-15 13:00,24897.787109375,25041.84765625,24879.48828125,25016.294921875
2023-06-15 13:00,24897.787109375,25041.84765625,24879.48828125,25016.294921875
2023-06-15 13:00,24897.787109375,25041.84765625,24879.48828125,25016.294921875
2023-06-15 13:00,24897.787109375,25041.84765625,24879.48828125,25016.294921875
2023-06-15 13:00,24897.787109375,25041.84765625,24879.48828125,25016.294921875
2023-06-16 10:00,25571.169921875,25573.453125,25535.123046875,25542.73046875
2023-06-16 16:00,25794.470703125,25937.083984375,25754.5625,25935.552734375
2023-06-21 15:00,29575.37890625,29963.509765625,29524.158203125,29877.90625
2023-06-22 13:00,30118.900390625,30334.40234375,30116.228515625,30245.203125
2023-06-22 15:00,29756.998046875,29939.173828125,29700.44140625,29859.16015625
2023-06-22 15:00,29756.998046875,29939.173828125,29700.44140625,29859.16015625
2023-06-22 16:00,29861.58203125,30167.51953125,29856.384765625,29984.005859375
2023-06-23 14:00,30089.564453125,30311.009765625,30029.171875,30251.0078125
2023-06-23 14:00,30089.564453125,30311.009765625,30029.171875,30251.0078125
2023-06-27 13:00,30720.029296875,30720.029296875,30553.26171875,30610.26953125
2023-06-27 15:00,30815.154296875,30815.154296875,30473.76953125,30517.546875
2023-06-27 15:00,30815.154296875,30815.154296875,30473.76953125,30517.546875
2023-06-28 14:00,30198.76953125,30475.806640625,30155.572265625,30347.61328125
2023-06-28 15:00,30318.080078125,30445.359375,30298.18359375,30409.59765625
2023-06-29 07:00,30237.2578125,30404.849609375,30236.326171875,30349.53515625
2023-06-29 13:00,30622.92578125,30796.25,30533.310546875,30533.310546875
2023-06-29 13:00,30622.92578125,30796.25,30533.310546875,30533.310546875
2023-06-29 13:00,30622.92578125,30796.25,30533.310546875,30533.310546875
2023-06-30 10:00,30779.150390625,30854.263671875,30754.912109375,30812.265625
2023-06-30 13:00,31010.7265625,31084.22265625,29600.275390625,30002.42578125
2023-06-30 13:00,31010.7265625,31084.22265625,29600.275390625,30002.42578125
2023-06-30 14:00,30151.09375,30281.345703125,30002.3125,30067.697265625
2023-07-03 14:00,30662.95703125,30754.716796875,30662.95703125,30727.99609375
2023-07-03 15:00,30751.595703125,31119.783203125,30751.595703125,31056.48828125
2023-07-03 15:00,30751.595703125,31119.783203125,30751.595703125,31056.48828125
2023-07-05 19:00,30492.998046875,30535.365234375,30456.271484375,30456.271484375
2023-07-06 13:00,30595.45703125,30656.947265625,30385.8359375,30385.8359375
2023-07-06 13:00,30595.45703125,30656.947265625,30385.8359375,30385.8359375
2023-07-06 14:00,30366.953125,30417.560546875,29892.2265625,30165.876953125
2023-07-06 15:00,30167.8046875,30460.47265625,30092.021484375,30420.53125
2023-07-06 15:00,30167.8046875,30460.47265625,30092.021484375,30420.53125
2023-07-06 15:00,30167.8046875,30460.47265625,30092.021484375,30420.53125
2023-07-06 16:00,30408.216796875,30463.181640625,30193.677734375,30325.4609375
2023-07-07 13:00,30204.16796875,30381.197265625,30138.16796875,30381.197265625
2023-07-07 13:00,30204.16796875,30381.197265625,30138.16796875,30381.197265625
2023-07-07 13:00,30204.16796875,30381.197265625,30138.16796875,30381.197265625
2023-07-11 07:00,30634.689453125,30645.5,30544.09765625,30544.390625
2023-07-12 13:00,30721.037109375,30844.416015625,30526.048828125,30664.59765625
2023-07-12 13:00,30721.037109375,30844.416015625,30526.048828125,30664.59765625
2023-07-12 13:00,30721.037109375,30844.416015625,30526.048828125,30664.59765625
2023-07-12 15:00,30727.1328125,30799.39453125,30500.169921875,30512.48828125
2023-07-12 18:00,30478.9453125,30534.384765625,30437.10546875,30518.7578125
2023-07-13 13:00,30525.603515625,30670.033203125,30518.71484375,30659.2890625
2023-07-13 13:00,30525.603515625,30670.033203125,30518.71484375,30659.2890625
2023-07-13 18:00,31084.3515625,31452.06640625,31079.916015625,31263.69140625
2023-07-18 13:00,29780.5078125,29854.900390625,29739.013671875,29784.638671875
2023-07-18 13:00,29780.5078125,29854.900390625,29739.013671875,29784.638671875
2023-07-19 10:00,30013.6484375,30033.943359375,29987.998046875,29987.998046875
2023-07-19 15:00,29821.490234375,29983.744140625,29809.099609375,29948.25390625
2023-07-20 13:00,30225.255859375,30278.5859375,30188.67578125,30245.033203125
2023-07-20 13:00,30225.255859375,30278.5859375,30188.67578125,30245.033203125
2023-07-20 15:00,29782.138671875,29839.986328125,29726.177734375,29808.396484375
2023-07-24 14:00,29175.421875,29180.029296875,29039.0,29039.66015625
2023-07-24 14:00,29175.421875,29180.029296875,29039.0,29039.66015625
2023-07-25 15:00,29178.669921875,29230.494140625,29171.115234375,29186.671875
2023-07-26 15:00,29269.3359375,29333.50390625,29269.3359375,29315.99609375
2023-07-26 15:00,29269.3359375,29333.50390625,29269.3359375,29315.99609375
2023-07-26 19:00,29378.3671875,29396.751953125,29233.724609375,29396.154296875
2023-07-26 19:00,29378.3671875,29396.751953125,29233.724609375,29396.154296875
2023-07-26 19:00,29378.3671875,29396.751953125,29233.724609375,29396.154296875
2023-07-27 13:00,29492.818359375,29501.73828125,29443.453125,29446.33984375
2023-07-27 13:00,29492.818359375,29501.73828125,29443.453125,29446.33984375
2023-07-27 13:00,29492.818359375,29501.73828125,29443.453125,29446.33984375
2023-07-27 13:00,29492.818359375,29501.73828125,29443.453125,29446.33984375
2023-07-27 13:00,29492.818359375,29501.73828125,29443.453125,29446.33984375
2023-07-27 13:00,29492.818359375,29501.73828125,29443.453125,29446.33984375
2023-07-28 09:00,29149.0625,29216.37109375,29127.853515625,29203.765625
2023-07-28 13:00,29300.818359375,29304.6875,29256.861328125,29286.361328125
2023-07-28 13:00,29300.818359375,29304.6875,29256.861328125,29286.361328125
2023-07-28 13:00,29300.818359375,29304.6875,29256.861328125,29286.361328125
2023-07-31 10:00,29374.943359375,29400.396484375,29372.958984375,29375.55859375
2023-07-31 14:00,29350.123046875,29357.712890625,29289.640625,29300.44140625
2023-08-01 14:00,28862.115234375,28886.06640625,28806.947265625,28806.947265625
2023-08-01 15:00,28811.7109375,28940.666015625,28657.0234375,28927.083984375
2023-08-01 15:00,28811.7109375,28940.666015625,28657.0234375,28927.083984375
2023-08-01 15:00,28811.7109375,28940.666015625,28657.0234375,28927.083984375
2023-08-02 13:00,29460.517578125,29460.517578125,29354.3984375,29401.029296875
2023-08-02 15:00,29266.890625,29339.994140625,29190.1328125,29314.318359375
2023-08-03 13:00,29073.046875,29179.947265625,29073.046875,29161.75390625
2023-08-03 14:00,29162.126953125,29330.837890625,29162.126953125,29330.837890625
2023-08-03 15:00,29364.642578125,29375.70703125,29206.48828125,29232.318359375
2023-08-03 15:00,29364.642578125,29375.70703125,29206.48828125,29232.318359375
2023-08-04 13:00,29198.193359375,29302.078125,29190.8203125,29221.654296875
2023-08-04 13:00,29198.193359375,29302.078125,29190.8203125,29221.654296875
2023-08-04 13:00,29198.193359375,29302.078125,29190.8203125,29221.654296875
2023-08-08 07:00,29197.59765625,29197.59765625,29151.701171875,29151.701171875
2023-08-09 15:00,29760.111328125,29777.22265625,29676.39453125,29741.78515625
2023-08-09 18:00,29488.71484375,29551.103515625,29451.236328125,29503.595703125
2023-08-10 13:00,29534.505859375,29659.966796875,29505.9921875,29646.650390625
2023-08-10 13:00,29534.505859375,29659.966796875,29505.9921875,29646.650390625
2023-08-10 13:00,29534.505859375,29659.966796875,29505.9921875,29646.650390625
2023-08-10 13:00,29534.505859375,29659.966796875,29505.9921875,29646.650390625
2023-08-10 18:00,29380.3203125,29436.26171875,29365.51171875,29402.55859375
2023-08-11 13:00,29391.318359375,29439.9921875,29391.318359375,29439.087890625
2023-08-15 13:00,29334.974609375,29369.42578125,29329.951171875,29338.427734375
2023-08-15 13:00,29334.974609375,29369.42578125,29329.951171875,29338.427734375
2023-08-16 15:00,29122.8359375,29147.986328125,29081.22265625,29081.22265625
2023-08-16 19:00,29139.849609375,29139.849609375,29077.7890625,29104.28125
2023-08-17 13:00,28471.216796875,28501.376953125,28352.427734375,28363.677734375
2023-08-17 13:00,28471.216796875,28501.376953125,28352.427734375,28363.677734375
2023-08-18 10:00,26441.677734375,26455.306640625,26397.11328125,26440.283203125
2023-08-22 15:00,25984.541015625,26004.17578125,25928.275390625,25937.158203125
2023-08-23 14:00,26002.35546875,26117.9609375,25921.294921875,26040.6796875
2023-08-23 14:00,26002.35546875,26117.9609375,25921.294921875,26040.6796875
2023-08-23 15:00,26028.4375,26164.994140625,26017.5390625,26164.994140625
2023-08-23 15:00,26028.4375,26164.994140625,26017.5390625,26164.994140625
2023-08-24 13:00,26382.1875,26406.154296875,26290.390625,26341.984375
2023-08-24 13:00,26382.1875,26406.154296875,26290.390625,26341.984375
2023-08-25 07:00,26008.193359375,26051.2578125,25972.33984375,25973.5390625
2023-08-25 15:00,25820.365234375,26008.34765625,25812.68359375,25907.251953125
2023-08-29 15:00,27497.83984375,27535.638671875,27301.287109375,27387.248046875
2023-08-29 15:00,27497.83984375,27535.638671875,27301.287109375,27387.248046875
2023-08-30 13:00,27354.494140625,27448.5859375,27263.76171875,27379.8671875
2023-08-30 13:00,27354.494140625,27448.5859375,27263.76171875,27379.8671875
2023-08-30 13:00,27354.494140625,27448.5859375,27263.76171875,27379.8671875
2023-08-30 15:00,27115.21875,27282.193359375,27069.20703125,27206.087890625
2023-08-31 10:00,27199.208984375,27217.087890625,27195.494140625,27208.5078125
2023-08-31 13:00,27196.583984375,27201.71875,27104.77734375,27139.701171875
2023-08-31 13:00,27196.583984375,27201.71875,27104.77734375,27139.701171875
2023-08-31 13:00,27196.583984375,27201.71875,27104.77734375,27139.701171875
2023-08-31 14:00,27145.216796875,27175.2890625,27057.05859375,27167.455078125
2023-09-01 13:00,26049.09765625,26049.09765625,25878.98828125,25988.80078125
2023-09-01 13:00,26049.09765625,26049.09765625,25878.98828125,25988.80078125
2023-09-01 13:00,26049.09765625,26049.09765625,25878.98828125,25988.80078125
2023-09-01 14:00,25988.234375,25988.234375,25713.73828125,25713.845703125
2023-09-01 15:00,25712.6484375,25914.265625,25611.71875,25805.6328125
2023-09-01 15:00,25712.6484375,25914.265625,25611.71875,25805.6328125
2023-09-06 14:00,25723.861328125,25723.861328125,25550.3828125,25597.21484375
2023-09-06 15:00,25598.193359375,25641.462890625,25546.439453125,25587.509765625
2023-09-06 15:00,25598.193359375,25641.462890625,25546.439453125,25587.509765625
2023-09-07 13:00,25645.5390625,25725.1484375,25620.89453125,25620.89453125
2023-09-07 16:00,25761.052734375,25914.912109375,25757.947265625,25827.205078125
2023-09-08 07:00,26214.697265625,26273.67578125,26214.697265625,26248.68359375
2023-09-12 18:00,25914.8828125,26006.8125,25894.119140625,25973.275390625
2023-09-13 13:00,26215.369140625,26215.369140625,26095.02734375,26119.048828125
2023-09-13 13:00,26215.369140625,26215.369140625,26095.02734375,26119.048828125
2023-09-13 13:00,26215.369140625,26215.369140625,26095.02734375,26119.048828125
2023-09-13 15:00,26209.416015625,26358.748046875,26193.67578125,26249.013671875
2023-09-13 18:00,26100.103515625,26161.833984375,26100.103515625,26116.162109375
2023-09-14 13:00,26467.2421875,26736.787109375,26465.251953125,26581.048828125
2023-09-14 13:00,26467.2421875,26736.787109375,26465.251953125,26581.048828125
2023-09-14 13:00,26467.2421875,26736.787109375,26465.251953125,26581.048828125
2023-09-14 13:00,26467.2421875,26736.787109375,26465.251953125,26581.048828125
2023-09-14 13:00,26467.2421875,26736.787109375,26465.251953125,26581.048828125
2023-09-14 13:00,26467.2421875,26736.787109375,26465.251953125,26581.048828125
2023-09-14 13:00,26467.2421875,26736.787109375,26465.251953125,26581.048828125
2023-09-19 10:00,27288.212890625,27317.912109375,27114.904296875,27170.08203125
2023-09-20 15:00,27128.380859375,27195.76953125,27104.408203125,27182.83984375
2023-09-20 19:00,27166.748046875,27181.271484375,26864.08203125,26946.357421875
2023-09-20 19:00,27166.748046875,27181.271484375,26864.08203125,26946.357421875
2023-09-20 19:00,27166.748046875,27181.271484375,26864.08203125,26946.357421875
2023-09-20 19:00,27166.748046875,27181.271484375,26864.08203125,26946.357421875
2023-09-21 13:00,26640.583984375,26643.798828125,26401.75,26414.3125
2023-09-21 13:00,26640.583984375,26643.798828125,26401.75,26414.3125
2023-09-21 15:00,26576.57421875,26646.451171875,26541.58984375,26606.060546875
2023-09-22 14:00,26609.826171875,26675.509765625,26592.8046875,26660.853515625
2023-09-22 14:00,26609.826171875,26675.509765625,26592.8046875,26660.853515625
2023-09-26 15:00,26184.625,26184.625,26090.712890625,26125.03125
2023-09-26 15:00,26184.625,26184.625,26090.712890625,26125.03125
2023-09-27 13:00,26701.767578125,26785.578125,26580.783203125,26580.783203125
2023-09-27 15:00,26171.884765625,26299.337890625,26166.376953125,26280.923828125
2023-09-28 13:00,26473.1171875,26539.798828125,26450.544921875,26538.6171875
2023-09-28 13:00,26473.1171875,26539.798828125,26450.544921875,26538.6171875
2023-09-28 13:00,26473.1171875,26539.798828125,26450.544921875,26538.6171875
2023-09-28 21:00,27092.25,27102.5234375,26927.83984375,27030.54296875
2023-09-29 10:00,27032.912109375,27059.005859375,27015.8203125,27034.08203125
2023-09-29 13:00,26996.0390625,27041.630859375,26896.865234375,26901.703125
2023-09-29 13:00,26996.0390625,27041.630859375,26896.865234375,26901.703125
2023-09-29 14:00,26897.255859375,27075.935546875,26721.763671875,26877.384765625
2023-10-02 14:00,28494.458984375,28494.458984375,28216.568359375,28324.63671875
2023-10-02 15:00,28320.97265625,28400.962890625,28016.51953125,28016.51953125
2023-10-02 15:00,28320.97265625,28400.962890625,28016.51953125,28016.51953125
2023-10-02 16:00,28060.2578125,28123.19921875,27884.306640625,27969.013671875
2023-10-03 15:00,27356.615234375,27412.72265625,27260.154296875,27338.21875
2023-10-04 13:00,27573.609375,27573.609375,27453.953125,27453.953125
2023-10-04 14:00,27418.248046875,27452.115234375,27343.28125,27376.236328125
2023-10-04 15:00,27380.8515625,27466.947265625,27364.8671875,27408.244140625
2023-10-04 15:00,27380.8515625,27466.947265625,27364.8671875,27408.244140625
2023-10-04 15:00,27380.8515625,27466.947265625,27364.8671875,27408.244140625
2023-10-05 13:00,27729.14453125,28088.060546875,27729.14453125,28006.12109375
2023-10-06 13:00,27252.91015625,27680.8984375,27215.552734375,27512.248046875
2023-10-06 13:00,27252.91015625,27680.8984375,27215.552734375,27512.248046875
2023-10-06 13:00,27252.91015625,27680.8984375,27215.552734375,27512.248046875
2023-10-11 07:00,27076.798828125,27094.025390625,27028.048828125,27028.048828125
2023-10-11 13:00,27172.865234375,27185.61328125,27086.4765625,27143.173828125
2023-10-11 18:00,26626.919921875,26691.12890625,26586.822265625,26691.12890625
2023-10-11 19:00,26682.24609375,26781.166015625,26677.544921875,26758.365234375
2023-10-12 13:00,26825.78125,26854.744140625,26684.94921875,26733.5234375
2023-10-12 13:00,26825.78125,26854.744140625,26684.94921875,26733.5234375
2023-10-12 13:00,26825.78125,26854.744140625,26684.94921875,26733.5234375
2023-10-12 13:00,26825.78125,26854.744140625,26684.94921875,26733.5234375
2023-10-12 16:00,26661.44921875,26771.5,26601.3671875,26680.00390625
2023-10-12 18:00,26630.552734375,26715.13671875,26594.056640625,26657.232421875
2023-10-17 13:00,28232.333984375,28390.53125,28172.90625,28343.345703125
2023-10-17 13:00,28232.333984375,28390.53125,28172.90625,28343.345703125
2023-10-18 10:00,28278.796875,28424.283203125,28278.796875,28387.361328125
2023-10-18 15:00,28205.05859375,28290.0546875,28199.4921875,28266.0234375
2023-10-19 13:00,28500.951171875,28567.529296875,28459.234375,28488.619140625
2023-10-19 13:00,28500.951171875,28567.529296875,28459.234375,28488.619140625
2023-10-19 15:00,28702.982421875,28798.2265625,28600.572265625,28695.740234375
2023-10-19 17:00,28641.34375,28702.193359375,28493.609375,28560.7890625
2023-10-24 14:00,34446.62890625,34453.50390625,34090.98828125,34271.2265625
2023-10-24 14:00,34446.62890625,34453.50390625,34090.98828125,34271.2265625
2023-10-25 15:00,34795.6015625,34996.94921875,34662.94140625,34900.921875
2023-10-25 15:00,34795.6015625,34996.94921875,34662.94140625,34900.921875
2023-10-25 21:00,34680.46875,34769.03125,34544.8125,34582.0703125
2023-10-26 13:00,34271.59375,34365.65625,34215.09375,34221.79296875
2023-10-26 13:00,34271.59375,34365.65625,34215.09375,34221.79296875
2023-10-26 13:00,34271.59375,34365.65625,34215.09375,34221.79296875
2023-10-26 13:00,34271.59375,34365.65625,34215.09375,34221.79296875
2023-10-26 13:00,34271.59375,34365.65625,34215.09375,34221.79296875
2023-10-26 13:00,34271.59375,34365.65625,34215.09375,34221.79296875
2023-10-27 13:00,34111.1171875,34201.7734375,34107.421875,34164.046875
2023-10-27 13:00,34111.1171875,34201.7734375,34107.421875,34164.046875
2023-10-30 10:00,34537.40625,34578.65625,34447.57421875,34536.38671875
2023-10-30 14:00,34679.1484375,34843.93359375,34585.5,34619.9375
2023-10-31 11:00,34447.1484375,34548.13671875,34406.0546875,34518.58203125
2023-10-31 14:00,34221.9375,34374.11328125,34161.84765625,34336.8203125
2023-10-31 15:00,34332.77734375,34368.515625,34176.0625,34290.8984375
2023-11-01 13:00,34781.2734375,35145.33984375,34442.921875,34577.28125
2023-11-01 14:00,34591.14453125,34658.6640625,34170.69140625,34224.0859375
2023-11-01 15:00,34199.46484375,34312.6796875,34199.46484375,34293.30078125
2023-11-01 15:00,34199.46484375,34312.6796875,34199.46484375,34293.30078125
2023-11-01 15:00,34199.46484375,34312.6796875,34199.46484375,34293.30078125
2023-11-01 15:00,34199.46484375,34312.6796875,34199.46484375,34293.30078125
2023-11-01 19:00,34598.875,34709.5546875,34520.13671875,34555.45703125
2023-11-01 19:00,34598.875,34709.5546875,34520.13671875,34555.45703125
2023-11-01 19:00,34598.875,34709.5546875,34520.13671875,34555.45703125
2023-11-02 13:00,35369.76953125,35384.03125,34888.97265625,34968.9140625
2023-11-03 13:00,34430.3515625,34577.4453125,34360.29296875,34577.4453125
2023-11-03 13:00,34430.3515625,34577.4453125,34360.29296875,34577.4453125
2023-11-03 13:00,34430.3515625,34577.4453125,34360.29296875,34577.4453125
2023-11-03 14:00,34591.21484375,34752.55078125,34553.328125,34709.6015625
2023-11-03 15:00,34754.890625,34853.45703125,34754.890625,34817.296875
2023-11-03 15:00,34754.890625,34853.45703125,34754.890625,34817.296875
2023-11-08 08:00,35238.7421875,35332.75390625,35219.17578125,35298.6875
2023-11-08 15:00,35326.25390625,35326.25390625,35147.80078125,35224.5859375
2023-11-08 19:00,35597.62109375,35745.7109375,35553.0546875,35658.39453125
2023-11-09 14:00,37182.7265625,37926.2578125,37182.7265625,37868.8125
2023-11-09 19:00,36368.90234375,36430.8671875,36172.02734375,36365.09375
2023-11-09 20:00,36384.71875,36573.71484375,36153.10546875,36571.9609375
2023-11-14 14:00,36524.1875,36693.16796875,36487.9921875,36602.26953125
2023-11-14 14:00,36524.1875,36693.16796875,36487.9921875,36602.26953125
2023-11-14 14:00,36524.1875,36693.16796875,36487.9921875,36602.26953125
2023-11-15 14:00,36108.87890625,36221.68359375,36046.4296875,36119.6484375
2023-11-15 14:00,36108.87890625,36221.68359375,36046.4296875,36119.6484375
2023-11-15 14:00,36108.87890625,36221.68359375,36046.4296875,36119.6484375
2023-11-15 16:00,36401.59375,36526.3125,36312.140625,36386.2734375
2023-11-15 16:00,36401.59375,36526.3125,36312.140625,36386.2734375
2023-11-16 14:00,36785.63671875,36851.70703125,36518.19921875,36758.56640625
2023-11-16 14:00,36785.63671875,36851.70703125,36518.19921875,36758.56640625
2023-11-17 11:00,36368.1015625,36462.83984375,36345.0390625,36392.27734375
2023-11-21 16:00,36991.33984375,37254.83203125,36829.63671875,37185.70703125
2023-11-21 20:00,36983.9453125,37167.1015625,36866.1328125,36963.56640625
2023-11-22 14:00,36619.09375,36655.0859375,36308.77734375,36407.57421875
2023-11-22 14:00,36619.09375,36655.0859375,36308.77734375,36407.57421875
2023-11-22 16:00,36493.75390625,36578.58984375,36397.3046875,36450.00390625
2023-11-24 08:00,37538.23046875,37562.015625,37434.2890625,37442.54296875
2023-11-24 15:00,37803.140625,38415.33984375,37799.32421875,38203.79296875
2023-11-24 15:00,37803.140625,38415.33984375,37799.32421875,38203.79296875
2023-11-27 16:00,36756.55859375,37079.65625,36750.12890625,37058.9375
2023-11-28 16:00,37533.36328125,37931.51171875,37533.36328125,37855.88671875
2023-11-29 14:00,38139.0859375,38188.4375,37811.296875,37844.9921875
2023-11-29 14:00,38139.0859375,38188.4375,37811.296875,37844.9921875
2023-11-29 16:00,37831.71484375,37875.1015625,37666.91796875,37778.88671875
2023-11-30 11:00,37694.4921875,37894.203125,37658.9609375,37894.203125
2023-11-30 14:00,37733.48828125,37767.44140625,37546.296875,37669.953125
2023-11-30 14:00,37733.48828125,37767.44140625,37546.296875,37669.953125
2023-11-30 14:00,37733.48828125,37767.44140625,37546.296875,37669.953125
2023-11-30 15:00,37657.72265625,37725.625,37531.140625,37588.26953125
2023-12-01 15:00,38335.13671875,38442.6484375,38296.52734375,38421.765625
2023-12-01 16:00,38420.76953125,38954.109375,38417.6796875,38841.15625
2023-12-01 16:00,38420.76953125,38954.109375,38417.6796875,38841.15625
2023-12-01 17:00,38841.62109375,38875.33203125,38725.52734375,38800.34765625
2023-12-01 20:00,38776.40234375,38850.86328125,38733.6875,38756.0703125
2023-12-05 15:00,42207.8046875,42412.21875,42116.33203125,42292.60546875
2023-12-05 16:00,42267.203125,42747.953125,42142.29296875,42726.59765625
2023-12-05 16:00,42267.203125,42747.953125,42142.29296875,42726.59765625
2023-12-05 16:00,42267.203125,42747.953125,42142.29296875,42726.59765625
2023-12-06 14:00,44103.66015625,44265.76953125,43972.484375,44061.71484375
2023-12-06 16:00,43800.73046875,44027.984375,43748.9375,43861.51171875
2023-12-07 14:00,43301.203125,43525.59765625,43272.31640625,43525.59765625
2023-12-08 08:00,43189.91015625,43262.0859375,43130.69921875,43221.4296875
2023-12-08 14:00,43578.578125,44015.3515625,43578.578125,43941.41796875
2023-12-08 14:00,43578.578125,44015.3515625,43578.578125,43941.41796875
2023-12-08 14:00,43578.578125,44015.3515625,43578.578125,43941.41796875
2023-12-11 19:00,40989.41015625,41053.046875,40234.578125,40754.83984375
2023-12-12 14:00,41796.80859375,41835.44140625,41329.82421875,41462.83203125
2023-12-12 14:00,41796.80859375,41835.44140625,41329.82421875,41462.83203125
2023-12-12 14:00,41796.80859375,41835.44140625,41329.82421875,41462.83203125
2023-12-12 19:00,41276.2578125,41284.6171875,41015.76171875,41099.1484375
2023-12-13 14:00,41447.578125,41458.5703125,41307.8515625,41410.87890625
2023-12-13 16:00,41909.94140625,42167.1953125,41735.2734375,41865.125
2023-12-13 20:00,42722.90625,42868.23046875,42608.08203125,42868.23046875
2023-12-13 20:00,42722.90625,42868.23046875,42608.08203125,42868.23046875
2023-12-13 20:00,42722.90625,42868.23046875,42608.08203125,42868.23046875
2023-12-13 20:00,42722.90625,42868.23046875,42608.08203125,42868.23046875
2023-12-14 14:00,42583.14453125,42752.8046875,42411.12109375,42634.078125
2023-12-14 14:00,42583.14453125,42752.8046875,42411.12109375,42634.078125
2023-12-14 14:00,42583.14453125,42752.8046875,42411.12109375,42634.078125
2023-12-14 14:00,42583.14453125,42752.8046875,42411.12109375,42634.078125
2023-12-14 14:00,42583.14453125,42752.8046875,42411.12109375,42634.078125
2023-12-14 14:00,42583.14453125,42752.8046875,42411.12109375,42634.078125
2023-12-15 15:00,42177.53125,42246.4140625,41692.96875,41850.6953125
2023-12-15 15:00,42177.53125,42246.4140625,41692.96875,41850.6953125
2023-12-19 11:00,43106.94921875,43183.9375,42966.58203125,42966.58203125
2023-12-20 16:00,44024.328125,44115.21484375,43547.578125,43637.50390625
2023-12-20 16:00,44024.328125,44115.21484375,43547.578125,43637.50390625
2023-12-20 16:00,44024.328125,44115.21484375,43547.578125,43637.50390625
2023-12-21 14:00,44166.80859375,44195.15625,43636.80859375,43636.80859375
2023-12-21 14:00,44166.80859375,44195.15625,43636.80859375,43636.80859375
2023-12-21 14:00,44166.80859375,44195.15625,43636.80859375,43636.80859375
2023-12-22 14:00,43714.453125,43746.58984375,43441.96875,43665.7265625
2023-12-22 14:00,43714.453125,43746.58984375,43441.96875,43665.7265625
2023-12-22 14:00,43714.453125,43746.58984375,43441.96875,43665.7265625
2023-12-22 16:00,43677.2421875,43722.66796875,43498.9375,43561.6640625
2023-12-28 14:00,42834.66796875,42834.66796875,42537.375,42624.6640625
2023-12-28 17:00,42459.7734375,42637.6484375,42459.7734375,42575.1171875
2023-12-29 15:00,43052.93359375,43052.93359375,42222.96875,42343.6640625
2024-01-02 15:00,45324.234375,45337.12890625,44890.9375,45201.42578125
2024-01-03 16:00,43009.13671875,43475.546875,42912.0546875,43006.78515625
2024-01-03 16:00,43009.13671875,43475.546875,42912.0546875,43006.78515625
2024-01-03 16:00,43009.13671875,43475.546875,42912.0546875,43006.78515625
2024-01-03 20:00,42622.37109375,42852.3203125,42581.83984375,42774.89453125
2024-01-04 14:00,43408.40625,43710.328125,43312.5625,43646.31640625
2024-01-04 14:00,43408.40625,43710.328125,43312.5625,43646.31640625
2024-01-04 14:00,43408.40625,43710.328125,43312.5625,43646.31640625
2024-01-04 15:00,43679.79296875,44292.71875,43668.16796875,44122.6484375
2024-01-04 17:00,43962.7421875,44245.5703125,43898.62109375,44043.53515625
2024-01-05 11:00,43620.58984375,43931.921875,43620.58984375,43792.96484375
2024-01-05 14:00,44031.47265625,44051.95703125,43353.71875,43549.2265625
2024-01-05 14:00,44031.47265625,44051.95703125,43353.71875,43549.2265625
2024-01-05 14:00,44031.47265625,44051.95703125,43353.71875,43549.2265625
2024-01-05 16:00,43522.49609375,43608.1171875,43274.6796875,43331.3671875
2024-01-05 16:00,43522.49609375,43608.1171875,43274.6796875,43331.3671875
2024-01-10 16:00,45554.265625,45567.99609375,45245.921875,45388.78125
2024-01-10 19:00,46552.34375,46686.44140625,46193.3125,46492.0546875
2024-01-11 14:00,47341.6328125,48969.37109375,47328.09765625,48712.9609375
2024-01-11 14:00,47341.6328125,48969.37109375,47328.09765625,48712.9609375
2024-01-11 14:00,47341.6328125,48969.37109375,47328.09765625,48712.9609375
2024-01-11 14:00,47341.6328125,48969.37109375,47328.09765625,48712.9609375
2024-01-11 19:00,46597.0546875,46733.3125,46320.8671875,46704.07421875
2024-01-12 14:00,45788.10546875,45878.49609375,45286.15625,45517.625
2024-01-16 08:00,42742.01953125,42969.2421875,42691.921875,42969.2421875
2024-01-17 11:00,42818.26953125,42825.80078125,42655.79296875,42655.79296875
2024-01-17 14:00,42587.09375,42880.05078125,42412.78125,42649.48828125
2024-01-17 14:00,42587.09375,42880.05078125,42412.78125,42649.48828125
2024-01-18 14:00,42477.75390625,42687.46875,42406.50390625,42687.46875
2024-01-18 14:00,42477.75390625,42687.46875,42406.50390625,42687.46875
2024-01-18 17:00,41872.63671875,42092.57421875,41572.3046875,41770.34375
2024-01-19 16:00,40859.30078125,40890.546875,40309.8984375,40356.30078125
2024-01-24 15:00,39898.75390625,40086.10546875,39854.37109375,40020.890625
2024-01-24 15:00,39898.75390625,40086.10546875,39854.37109375,40020.890625
2024-01-24 16:00,40032.5859375,40156.3515625,39917.00390625,40148.47265625
2024-01-25 14:00,39909.671875,40067.42578125,39884.921875,39990.7578125
2024-01-25 14:00,39909.671875,40067.42578125,39884.921875,39990.7578125
2024-01-25 14:00,39909.671875,40067.42578125,39884.921875,39990.7578125
2024-01-25 14:00,39909.671875,40067.42578125,39884.921875,39990.7578125
2024-01-25 14:00,39909.671875,40067.42578125,39884.921875,39990.7578125
2024-01-25 14:00,39909.671875,40067.42578125,39884.921875,39990.7578125
2024-01-25 16:00,39796.85546875,39820.66015625,39674.4921875,39687.0
2024-01-26 14:00,41004.79296875,41474.5,41004.79296875,41474.5
2024-01-26 14:00,41004.79296875,41474.5,41004.79296875,41474.5
2024-01-30 10:00,43321.078125,43481.72265625,43298.234375,43481.72265625
2024-01-30 16:00,43365.5625,43495.03515625,43233.5234375,43488.3828125
2024-01-30 16:00,43365.5625,43495.03515625,43233.5234375,43488.3828125
2024-01-31 14:00,42778.51953125,42939.0234375,42564.390625,42904.796875
2024-01-31 14:00,42778.51953125,42939.0234375,42564.390625,42904.796875
2024-01-31 15:00,42874.66015625,43418.1328125,42726.22265625,43343.2890625
2024-01-31 16:00,43350.87890625,43556.265625,43312.05859375,43482.87109375
2024-01-31 20:00,43317.0703125,43335.83203125,42601.3828125,42621.86328125
2024-01-31 20:00,43317.0703125,43335.83203125,42601.3828125,42621.86328125
2024-01-31 20:00,43317.0703125,43335.83203125,42601.3828125,42621.86328125
2024-02-01 11:00,42190.9765625,42254.75390625,42028.671875,42028.671875
2024-02-01 14:00,42200.9375,42585.9296875,42190.2109375,42585.9296875
2024-02-01 15:00,42622.51171875,42908.3203125,42539.01171875,42548.1171875
2024-02-01 16:00,42510.34375,42675.5859375,42376.21484375,42666.47265625
2024-02-01 16:00,42510.34375,42675.5859375,42376.21484375,42666.47265625
2024-02-02 14:00,42661.96484375,42871.53125,42608.9453125,42788.48828125
2024-02-02 14:00,42661.96484375,42871.53125,42608.9453125,42788.48828125
2024-02-02 14:00,42661.96484375,42871.53125,42608.9453125,42788.48828125
2024-02-05 01:00,42356.0390625,42501.58203125,42264.81640625,42501.58203125
2024-02-05 15:00,43149.14453125,43149.14453125,42581.55078125,42593.31640625
2024-02-05 16:00,42593.7421875,42700.5390625,42495.85546875,42700.5390625
2024-02-05 16:00,42593.7421875,42700.5390625,42495.85546875,42700.5390625
2024-02-07 16:00,43044.171875,43173.28515625,43000.63671875,43173.28515625
2024-02-07 19:00,43630.4375,43655.01171875,43432.59765625,43610.95703125
2024-02-08 14:00,44961.2890625,45159.29296875,44909.7734375,45045.6328125
2024-02-08 19:00,45297.4140625,45394.37109375,45240.52734375,45301.77734375
2024-02-09 08:00,46211.92578125,46629.98828125,46211.92578125,46629.98828125
2024-02-13 14:00,49545.53125,49636.91796875,48599.03125,48741.4609375
2024-02-13 14:00,49545.53125,49636.91796875,48599.03125,48741.4609375
2024-02-13 14:00,49545.53125,49636.91796875,48599.03125,48741.4609375
2024-02-14 16:00,51614.0234375,51739.62890625,51343.61328125,51626.515625
2024-02-15 14:00,52253.23046875,52820.06640625,52148.11328125,52677.578125
2024-02-15 14:00,52253.23046875,52820.06640625,52148.11328125,52677.578125
2024-02-15 14:00,52253.23046875,52820.06640625,52148.11328125,52677.578125
2024-02-15 14:00,52253.23046875,52820.06640625,52148.11328125,52677.578125
2024-02-16 14:00,52485.87109375,52537.96875,51817.0625,51904.22265625
2024-02-21 20:00,51051.3984375,51119.0,50877.9375,50899.7578125
2024-02-22 11:00,51660.92578125,51675.4375,51516.09765625,51604.3515625
2024-02-22 14:00,51131.72265625,51375.203125,51043.54296875,51375.203125
2024-02-22 15:00,51343.8203125,51619.71484375,51272.953125,51578.296875
2024-02-22 15:00,51343.8203125,51619.71484375,51272.953125,51578.296875
2024-02-22 16:00,51573.37890625,51724.9921875,51428.48828125,51455.24609375
2024-02-22 17:00,51460.61328125,51711.203125,51448.5234375,51707.0234375
2024-02-23 08:00,50901.3125,51125.515625,50856.66015625,50931.484375
2024-02-26 16:00,52856.375,53587.80078125,52833.84375,53412.2109375
2024-02-27 14:00,57146.13671875,57320.03125,56709.6171875,57046.890625
2024-02-27 16:00,56774.6875,57161.76171875,56329.2578125,57045.44921875
2024-02-28 14:00,60484.13671875,61146.53125,59894.37109375,61146.53125
2024-02-28 16:00,60986.41796875,62513.48828125,60986.41796875,62513.48828125
2024-02-29 14:00,62947.171875,63544.921875,62813.8984375,62930.42578125
2024-02-29 14:00,62947.171875,63544.921875,62813.8984375,62930.42578125
2024-02-29 14:00,62947.171875,63544.921875,62813.8984375,62930.42578125
2024-02-29 14:00,62947.171875,63544.921875,62813.8984375,62930.42578125
2024-02-29 15:00,62932.04296875,63280.1640625,62656.7265625,62829.76953125
2024-03-01 11:00,62036.48828125,62123.34375,61865.1953125,61885.74609375
2024-03-01 15:00,61961.734375,62160.30859375,61211.3203125,61256.38671875
2024-03-01 16:00,61268.55078125,61607.44921875,61268.55078125,61461.9609375
2024-03-01 16:00,61268.55078125,61607.44921875,61268.55078125,61461.9609375
2024-03-01 16:00,61268.55078125,61607.44921875,61268.55078125,61461.9609375
2024-03-05 15:00,68805.609375,68991.0078125,66552.921875,66919.59375
2024-03-05 16:00,66818.0625,66997.8984375,64834.515625,65266.7265625
2024-03-05 16:00,66818.0625,66997.8984375,64834.515625,65266.7265625
2024-03-06 14:00,66361.0234375,67216.40625,66012.1640625,66012.1640625
2024-03-06 16:00,66503.734375,67126.8359375,66370.1328125,67126.8359375
2024-03-06 16:00,66503.734375,67126.8359375,66370.1328125,67126.8359375
2024-03-06 16:00,66503.734375,67126.8359375,66370.1328125,67126.8359375
2024-03-07 14:00,66945.8515625,67967.0859375,66742.1875,67007.09375
2024-03-07 14:00,66945.8515625,67967.0859375,66742.1875,67007.09375
2024-03-07 14:00,66945.8515625,67967.0859375,66742.1875,67007.09375
2024-03-07 14:00,66945.8515625,67967.0859375,66742.1875,67007.09375
2024-03-07 16:00,67342.5859375,67521.640625,67111.296875,67341.5390625
2024-03-08 03:00,67167.34375,67310.046875,67060.6640625,67189.8046875
2024-03-08 14:00,67891.1015625,68729.015625,67719.140625,68576.703125
2024-03-08 14:00,67891.1015625,68729.015625,67719.140625,68576.703125
2024-03-08 14:00,67891.1015625,68729.015625,67719.140625,68576.703125
2024-03-12 08:00,72151.265625,72178.4609375,71472.765625,71676.1015625
2024-03-12 13:00,72203.40625,72305.0078125,71737.5859375,72250.25
2024-03-12 13:00,72203.40625,72305.0078125,71737.5859375,72250.25
2024-03-12 13:00,72203.40625,72305.0078125,71737.5859375,72250.25
2024-03-12 18:00,71087.5,71458.375,70634.8125,71385.1484375
2024-03-13 15:00,72414.375,73103.8359375,72370.9453125,72731.75
2024-03-13 18:00,72904.21875,73301.4375,72827.984375,73165.2734375
2024-03-14 13:00,72866.421875,72939.625,71552.5078125,71981.84375
2024-03-14 13:00,72866.421875,72939.625,71552.5078125,71981.84375
2024-03-14 13:00,72866.421875,72939.625,71552.5078125,71981.84375
2024-03-14 13:00,72866.421875,72939.625,71552.5078125,71981.84375
2024-03-18 11:00,68034.8671875,68386.3671875,67988.1640625,68222.453125
2024-03-20 15:00,64244.33984375,64352.359375,63468.73828125,63652.125
2024-03-20 19:00,65398.2734375,65966.3203125,65243.6953125,65776.5234375
2024-03-20 19:00,65398.2734375,65966.3203125,65243.6953125,65776.5234375
2024-03-20 19:00,65398.2734375,65966.3203125,65243.6953125,65776.5234375
2024-03-20 19:00,65398.2734375,65966.3203125,65243.6953125,65776.5234375
2024-03-21 13:00,67261.328125,67641.5625,66700.0703125,66742.7734375
2024-03-21 13:00,67261.328125,67641.5625,66700.0703125,66742.7734375
2024-03-21 14:00,66737.2109375,67367.0625,66562.390625,66892.953125
2024-03-21 14:00,66737.2109375,67367.0625,66562.390625,66892.953125
2024-03-21 15:00,66910.6015625,66937.5703125,66099.4609375,66492.6640625
2024-03-22 14:00,63025.70703125,63397.0078125,62685.6796875,62685.6796875
2024-03-25 15:00,69389.8515625,69948.96875,69178.953125,69762.1953125
2024-03-26 13:00,71098.1953125,71107.2734375,70137.7734375,70407.3359375
2024-03-26 15:00,70293.6796875,70325.0234375,69744.8984375,70233.34375
2024-03-27 15:00,70012.609375,70012.609375,68901.3984375,68901.3984375
2024-03-28 13:00,70785.0234375,71261.2109375,70471.140625,70887.2109375
2024-03-28 13:00,70785.0234375,71261.2109375,70471.140625,70887.2109375
2024-03-28 14:00,70890.5546875,71538.9921875,70743.0,71538.9921875
2024-03-29 13:00,70152.5546875,70598.8203125,70084.59375,70463.2109375
2024-03-29 13:00,70152.5546875,70598.8203125,70084.59375,70463.2109375
2024-03-29 16:00,69179.6171875,69550.1328125,69176.1953125,69176.1953125
2024-04-01 14:00,69896.5625,69944.9921875,68662.765625,68928.359375
2024-04-01 15:00,68927.953125,68972.6328125,68279.1171875,68279.1171875
2024-04-01 15:00,68927.953125,68972.6328125,68279.1171875,68279.1171875
2024-04-02 13:00,65332.390625,65380.56640625,64610.3984375,65232.8515625
2024-04-02 15:00,65714.328125,66121.2265625,64752.3359375,64752.3359375
2024-04-03 10:00,66513.765625,66513.765625,66080.8125,66194.5
2024-04-03 13:00,65944.265625,66018.2109375,65695.859375,65792.5390625
2024-04-03 14:00,65821.875,66850.0703125,65821.875,66595.234375
2024-04-03 15:00,66655.2734375,66655.2734375,65819.59375,65874.453125
2024-04-03 15:00,66655.2734375,66655.2734375,65819.59375,65874.453125
2024-04-03 15:00,66655.2734375,66655.2734375,65819.59375,65874.453125
2024-04-03 17:00,66215.9609375,66356.5390625,65907.0703125,65993.375
2024-04-04 13:00,66672.7265625,67450.3828125,66672.7265625,67308.4453125
2024-04-05 13:00,66905.1171875,67562.578125,66603.7265625,67558.5234375
2024-04-05 13:00,66905.1171875,67562.578125,66603.7265625,67558.5234375
2024-04-05 13:00,66905.1171875,67562.578125,66603.7265625,67558.5234375
2024-04-10 13:00,67953.5703125,68169.484375,67574.65625,68161.9921875
2024-04-10 13:00,67953.5703125,68169.484375,67574.65625,68161.9921875
2024-04-10 13:00,67953.5703125,68169.484375,67574.65625,68161.9921875
2024-04-10 15:00,68702.390625,68752.5625,68340.8828125,68634.34375
2024-04-10 18:00,69338.6484375,69387.21875,69085.1875,69269.3125
2024-04-10 19:00,69311.515625,69967.5546875,69250.5,69967.5546875
2024-04-11 13:00,70867.5,70946.1875,69730.84375,70333.5625
2024-04-11 13:00,70867.5,70946.1875,69730.84375,70333.5625
2024-04-11 13:00,70867.5,70946.1875,69730.84375,70333.5625
2024-04-11 13:00,70867.5,70946.1875,69730.84375,70333.5625
2024-04-11 13:00,70867.5,70946.1875,69730.84375,70333.5625
2024-04-11 18:00,70203.0078125,70354.421875,69978.3359375,70097.640625
2024-04-12 07:00,70887.2109375,70967.1484375,70608.84375,70736.390625
2024-04-15 13:00,66095.6640625,66401.5546875,65850.3046875,65850.3046875
2024-04-15 13:00,66095.6640625,66401.5546875,65850.3046875,65850.3046875
2024-04-16 18:00,62509.86328125,62986.125,62509.86328125,62986.125
2024-04-17 10:00,63355.66015625,63355.66015625,62810.3828125,62903.6953125
2024-04-17 15:00,61291.4765625,61442.109375,60090.42578125,60446.30859375
2024-04-18 13:00,62206.140625,62623.55859375,62094.22265625,62623.55859375
2024-04-18 13:00,62206.140625,62623.55859375,62094.22265625,62623.55859375
2024-04-18 15:00,63846.46875,64120.5,63512.69921875,63519.78515625
2024-04-23 14:00,66542.3125,67129.4609375,66513.7109375,66931.7890625
2024-04-23 14:00,66542.3125,67129.4609375,66513.7109375,66931.7890625
2024-04-23 15:00,66948.84375,66948.84375,66408.703125,66408.703125
2024-04-24 13:00,66373.7734375,66373.7734375,65846.1875,66004.3984375
2024-04-24 15:00,65219.66796875,65219.66796875,64529.953125,64549.55078125
2024-04-25 13:00,63398.41796875,63491.75,62783.6328125,63457.41015625
2024-04-25 13:00,63398.41796875,63491.75,62783.6328125,63457.41015625
2024-04-26 13:00,64134.91015625,64468.14453125,63723.75,64468.14453125
2024-04-26 13:00,64134.91015625,64468.14453125,63723.75,64468.14453125
2024-04-29 13:00,62579.14453125,62657.734375,61826.671875,61974.9375
2024-04-30 09:00,61905.51953125,62105.9765625,61633.34375,61691.46484375
2024-04-30 10:00,61673.65625,61754.7421875,61545.7421875,61726.59765625
2024-04-30 14:00,60816.6875,61509.76171875,60564.10546875,61227.59765625
2024-04-30 15:00,61219.6484375,61328.90625,60584.40234375,60787.40234375
2024-05-01 13:00,57921.25390625,57932.8125,57254.25390625,57254.25390625
2024-05-01 14:00,57223.6953125,57494.2890625,57080.1796875,57485.953125
2024-05-01 15:00,57423.109375,57423.109375,56671.84375,56792.8203125
2024-05-01 15:00,57423.109375,57423.109375,56671.84375,56792.8203125
2024-05-01 15:00,57423.109375,57423.109375,56671.84375,56792.8203125
2024-05-01 15:00,57423.109375,57423.109375,56671.84375,56792.8203125
2024-05-01 19:00,58859.73828125,59147.85546875,56858.4375,56858.4375
2024-05-01 19:00,58859.73828125,59147.85546875,56858.4375,56858.4375
2024-05-01 19:00,58859.73828125,59147.85546875,56858.4375,56858.4375
2024-05-02 13:00,58546.58984375,58771.1171875,58256.19140625,58439.15625
2024-05-03 13:00,60645.46875,61737.734375,60572.3828125,61662.1953125
2024-05-03 13:00,60645.46875,61737.734375,60572.3828125,61662.1953125
2024-05-03 13:00,60645.46875,61737.734375,60572.3828125,61662.1953125
2024-05-03 14:00,61699.7265625,62039.96484375,61431.18359375,61660.2265625
2024-05-03 15:00,61648.47265625,61766.8515625,61380.83203125,61766.8515625
2024-05-03 15:00,61648.47265625,61766.8515625,61380.83203125,61766.8515625
2024-05-08 15:00,62574.3828125,62590.94921875,61936.6015625,62276.8046875
2024-05-08 18:00,62581.33203125,62726.4609375,62460.25,62502.55859375
2024-05-09 13:00,61496.01171875,61496.01171875,60916.2421875,61136.19140625
2024-05-09 18:00,61939.93359375,62234.7421875,61931.6953125,62199.58203125
2024-05-14 07:00,62001.59375,62033.109375,61834.27734375,61998.20703125
2024-05-14 13:00,61550.34375,62004.26953125,61430.875,61745.5
2024-05-14 15:00,61765.5703125,61925.19921875,61646.37109375,61777.7890625
2024-05-15 13:00,63744.54296875,64621.34375,63602.53515625,64161.84375
2024-05-15 13:00,63744.54296875,64621.34375,63602.53515625,64161.84375
2024-05-15 13:00,63744.54296875,64621.34375,63602.53515625,64161.84375
2024-05-15 13:00,63744.54296875,64621.34375,63602.53515625,64161.84375
2024-05-15 13:00,63744.54296875,64621.34375,63602.53515625,64161.84375
2024-05-15 15:00,64502.796875,65020.8203125,64431.41015625,64655.17578125
2024-05-16 13:00,66053.5703125,66324.8125,65849.3125,66312.7734375
2024-05-16 13:00,66053.5703125,66324.8125,65849.3125,66312.7734375
2024-05-17 10:00,66355.7578125,66455.53125,66226.46875,66455.53125
2024-05-19 20:00,66040.375,66290.296875,66040.375,66157.0234375
2024-05-22 15:00,70096.3984375,70490.828125,69951.375,70434.546875
2024-05-22 15:00,70096.3984375,70490.828125,69951.375,70434.546875
2024-05-22 19:00,69585.1328125,69774.3515625,69478.203125,69718.234375
2024-05-23 13:00,69414.5,69464.234375,67870.8984375,68118.6484375
2024-05-23 14:00,68017.46875,68245.0234375,67670.09375,67674.4765625
2024-05-23 14:00,68017.46875,68245.0234375,67670.09375,67674.4765625
2024-05-23 15:00,67870.828125,68242.078125,67854.5859375,68048.7421875
2024-05-24 07:00,66909.765625,67270.7265625,66858.5859375,67138.0625
2024-05-24 13:00,67470.5,67539.3203125,66923.3515625,67065.15625
2024-05-28 15:00,67910.25,68374.9453125,67775.421875,68316.984375
2024-05-29 13:00,67834.765625,68122.40625,67639.5234375,67780.6328125
2024-05-30 13:00,68100.6171875,68622.453125,68018.6015625,68622.453125
2024-05-30 13:00,68100.6171875,68622.453125,68018.6015625,68622.453125
2024-05-30 16:00,68510.9296875,68643.75,68383.1640625,68643.75
2024-05-31 10:00,67917.2109375,68241.125,67907.453125,68241.125
2024-05-31 13:00,68605.0625,68755.875,68035.109375,68035.109375
2024-05-31 13:00,68605.0625,68755.875,68035.109375,68035.109375
2024-05-31 14:00,68054.4921875,68054.4921875,67293.109375,67427.5078125
2024-06-03 14:00,69809.40625,70053.703125,68637.7578125,68688.6484375
2024-06-03 15:00,68773.0859375,69557.921875,68773.0859375,69557.921875
2024-06-03 15:00,68773.0859375,69557.921875,68773.0859375,69557.921875
2024-06-04 15:00,69652.34375,70479.765625,69527.171875,70428.234375
2024-06-05 13:00,70950.7734375,71133.3359375,70649.1328125,70765.9765625
2024-06-05 14:00,70735.0703125,70997.3359375,70447.0078125,70934.140625
2024-06-05 15:00,70869.6171875,71654.640625,70797.3046875,71622.203125
2024-06-05 15:00,70869.6171875,71654.640625,70797.3046875,71622.203125
2024-06-05 15:00,70869.6171875,71654.640625,70797.3046875,71622.203125
2024-06-06 13:00,71162.828125,71484.9453125,70990.4453125,71258.5
2024-06-06 13:00,71162.828125,71484.9453125,70990.4453125,71258.5
2024-06-06 13:00,71162.828125,71484.9453125,70990.4453125,71258.5
2024-06-06 13:00,71162.828125,71484.9453125,70990.4453125,71258.5
2024-06-07 13:00,71177.4921875,71560.5390625,71086.4609375,71456.8203125
2024-06-07 13:00,71177.4921875,71560.5390625,71086.4609375,71456.8203125
2024-06-07 13:00,71177.4921875,71560.5390625,71086.4609375,71456.8203125
2024-06-11 18:00,66743.8671875,67203.7265625,66636.2421875,67079.1015625
2024-06-12 07:00,67279.34375,67447.765625,67234.8984375,67447.765625
2024-06-12 13:00,69331.640625,69591.328125,69139.65625,69344.8203125
2024-06-12 13:00,69331.640625,69591.328125,69139.65625,69344.8203125
2024-06-12 13:00,69331.640625,69591.328125,69139.65625,69344.8203125
2024-06-12 15:00,69960.203125,69960.203125,69598.6015625,69726.5859375
2024-06-12 19:00,68836.4765625,69192.0625,67361.8125,67500.0390625
2024-06-12 19:00,68836.4765625,69192.0625,67361.8125,67500.0390625
2024-06-12 19:00,68836.4765625,69192.0625,67361.8125,67500.0390625
2024-06-12 19:00,68836.4765625,69192.0625,67361.8125,67500.0390625
2024-06-13 13:00,67731.5078125,68246.9296875,67555.34375,67555.34375
2024-06-13 13:00,67731.5078125,68246.9296875,67555.34375,67555.34375
2024-06-13 18:00,66888.0234375,66943.2578125,66694.578125,66862.59375
2024-06-18 10:00,65476.04296875,65568.671875,65366.9921875,65432.87890625
2024-06-18 13:00,65200.35546875,65200.35546875,64648.3046875,64797.24609375
2024-06-18 13:00,65200.35546875,65200.35546875,64648.3046875,64797.24609375
2024-06-20 13:00,65956.6796875,65956.6796875,65146.8984375,65174.91796875
2024-06-20 13:00,65956.6796875,65956.6796875,65146.8984375,65174.91796875
2024-06-20 16:00,64788.8046875,64886.078125,64548.28125,64793.11328125
2024-06-21 14:00,63580.22265625,64287.01953125,63492.30859375,64144.953125
2024-06-21 14:00,63580.22265625,64287.01953125,63492.30859375,64144.953125
2024-06-21 15:00,64157.03515625,64230.12109375,63409.375,63624.9453125
2024-06-25 15:00,61762.75,61888.015625,61364.875,61841.7421875
2024-06-26 15:00,61732.4921875,61732.4921875,61213.3125,61409.796875
2024-06-26 15:00,61732.4921875,61732.4921875,61213.3125,61409.796875
2024-06-27 13:00,61271.2890625,61844.52734375,61271.2890625,61844.52734375
2024-06-27 13:00,61271.2890625,61844.52734375,61271.2890625,61844.52734375
2024-06-27 13:00,61271.2890625,61844.52734375,61271.2890625,61844.52734375
2024-06-28 02:00,62020.14453125,62020.14453125,61544.625,61665.02734375
2024-06-28 13:00,61306.9140625,61712.10546875,61227.58203125,61227.58203125
2024-06-28 13:00,61306.9140625,61712.10546875,61227.58203125,61227.58203125
2024-06-28 14:00,61214.5390625,61403.53125,60716.3359375,60843.7265625
2024-07-01 13:00,62805.2421875,62986.11328125,62495.51171875,62625.75
2024-07-01 14:00,62691.44140625,62812.8984375,62559.375,62767.1875
2024-07-01 15:00,62745.3046875,62954.140625,62745.3046875,62954.140625
2024-07-01 15:00,62745.3046875,62954.140625,62745.3046875,62954.140625
2024-07-02 10:00,62562.58203125,62655.2890625,62446.84375,62632.890625
2024-07-02 14:00,62574.77734375,62632.78125,61829.671875,61978.4921875
2024-07-02 15:00,61927.54296875,62038.21875,61825.62890625,61944.0546875
2024-07-03 13:00,59944.66015625,60532.96484375,59670.07421875,60532.96484375
2024-07-03 13:00,59944.66015625,60532.96484375,59670.07421875,60532.96484375
2024-07-03 14:00,60501.5625,60531.98828125,60201.87109375,60222.69140625
2024-07-03 15:00,60213.6171875,60381.25,59911.0546875,60104.15625
2024-07-03 15:00,60213.6171875,60381.25,59911.0546875,60104.15625
2024-07-03 15:00,60213.6171875,60381.25,59911.0546875,60104.15625
2024-07-03 19:00,60185.203125,60185.203125,59722.01171875,59722.01171875
2024-07-05 13:00,55070.2109375,55826.31640625,54839.41796875,55817.203125
2024-07-05 13:00,55070.2109375,55826.31640625,54839.41796875,55817.203125
2024-07-05 13:00,55070.2109375,55826.31640625,54839.41796875,55817.203125
2024-07-05 16:00,56651.08984375,56852.42578125,56268.5234375,56446.21484375
2024-07-09 15:00,57096.14453125,57483.55078125,57014.1484375,57483.55078125
2024-07-10 15:00,57716.63671875,58002.234375,57543.03125,57739.58203125
2024-07-10 15:00,57716.63671875,58002.234375,57543.03125,57739.58203125
2024-07-10 18:00,57620.32421875,57780.80078125,57517.3046875,57605.71875
2024-07-11 07:00,57993.21875,58227.38671875,57934.15625,58196.52734375
2024-07-11 13:00,58813.328125,58950.43359375,58348.25390625,58509.765625
2024-07-11 13:00,58813.328125,58950.43359375,58348.25390625,58509.765625
2024-07-11 13:00,58813.328125,58950.43359375,58348.25390625,58509.765625
2024-07-11 13:00,58813.328125,58950.43359375,58348.25390625,58509.765625
2024-07-11 18:00,57800.66015625,57989.40234375,57717.74609375,57828.8125
2024-07-12 13:00,57413.6484375,57979.0703125,57405.00390625,57936.33984375
2024-07-15 17:00,63497.33984375,63731.84375,63164.20703125,63196.125
2024-07-16 13:00,63773.078125,64075.2421875,63551.63671875,63633.3828125
2024-07-16 13:00,63773.078125,64075.2421875,63551.63671875,63633.3828125
2024-07-17 10:00,65348.19140625,65361.69921875,65126.390625,65133.171875
2024-07-17 15:00,65052.03515625,65366.55859375,64717.48828125,64768.36328125
2024-07-18 13:00,64860.2421875,65104.66015625,64533.6796875,64599.25
2024-07-18 13:00,64860.2421875,65104.66015625,64533.6796875,64599.25
2024-07-18 13:00,64860.2421875,65104.66015625,64533.6796875,64599.25
2024-07-18 13:00,64860.2421875,65104.66015625,64533.6796875,64599.25
2024-07-18 13:00,64860.2421875,65104.66015625,64533.6796875,64599.25
2024-07-23 15:00,67248.0703125,67248.0703125,66395.7734375,66569.625
2024-07-24 14:00,66363.7734375,67075.6171875,66363.7734375,66902.9296875
2024-07-24 14:00,66363.7734375,67075.6171875,66363.7734375,66902.9296875
2024-07-24 15:00,66790.875,66799.265625,66174.3359375,66240.25
2024-07-24 15:00,66790.875,66799.265625,66174.3359375,66240.25
2024-07-25 01:00,65496.0703125,65496.0703125,64261.03515625,64437.70703125
2024-07-25 13:00,64112.265625,64328.7265625,63782.140625,63782.140625
2024-07-25 13:00,64112.265625,64328.7265625,63782.140625,63782.140625
2024-07-25 13:00,64112.265625,64328.7265625,63782.140625,63782.140625
2024-07-26 13:00,67290.9921875,67932.453125,67192.8046875,67900.8671875
2024-07-26 13:00,67290.9921875,67932.453125,67192.8046875,67900.8671875
2024-07-30 09:00,66762.2578125,66882.0,66495.515625,66603.0703125
2024-07-30 13:00,66652.671875,66861.8359375,66330.0859375,66330.0859375
2024-07-30 15:00,65786.75,66263.640625,65578.4609375,66244.6171875
2024-07-30 15:00,65786.75,66263.640625,65578.4609375,66244.6171875
2024-07-31 10:00,66237.3203125,66237.3203125,65959.109375,65975.421875
2024-07-31 13:00,66106.8046875,66796.34375,66106.8046875,66507.453125
2024-07-31 14:00,66496.734375,66682.375,66002.578125,66392.2734375
2024-07-31 15:00,66407.3515625,66490.875,66338.046875,66358.2890625
2024-07-31 19:00,66505.5234375,66604.9453125,65022.71875,65178.96875
2024-07-31 19:00,66505.5234375,66604.9453125,65022.71875,65178.96875
2024-07-31 19:00,66505.5234375,66604.9453125,65022.71875,65178.96875
2024-08-01 13:00,64870.6875,64899.66796875,64449.28125,64725.56640625
2024-08-01 14:00,64684.734375,64684.734375,63975.05859375,63975.05859375
2024-08-01 15:00,63939.796875,63939.796875,62703.38671875,63003.41015625
2024-08-01 15:00,63939.796875,63939.796875,62703.38671875,63003.41015625
2024-08-02 13:00,64796.0703125,65468.81640625,64555.3046875,65189.34375
2024-08-02 13:00,64796.0703125,65468.81640625,64555.3046875,65189.34375
2024-08-02 13:00,64796.0703125,65468.81640625,64555.3046875,65189.34375
2024-08-05 14:00,53428.61328125,54509.51171875,52644.78515625,54065.2578125
2024-08-05 15:00,54057.48046875,54960.63671875,53666.0390625,54280.30078125
2024-08-05 15:00,54057.48046875,54960.63671875,53666.0390625,54280.30078125
2024-08-07 15:00,56112.58984375,56361.75,55841.6875,56098.8046875
2024-08-07 18:00,55590.01171875,55617.41015625,54712.9140625,54804.171875
2024-08-08 13:00,57953.625,58160.69921875,56977.8828125,57167.484375
2024-08-08 18:00,59492.88671875,59691.703125,59388.7890625,59388.7890625
2024-08-09 07:00,60908.17578125,61232.484375,60798.2265625,60855.76953125
2024-08-13 13:00,59174.015625,59417.59765625,58914.34765625,59417.59765625
2024-08-14 13:00,61110.19921875,61201.45703125,59529.6015625,59529.6015625
2024-08-14 13:00,61110.19921875,61201.45703125,59529.6015625,59529.6015625
2024-08-14 13:00,61110.19921875,61201.45703125,59529.6015625,59529.6015625
2024-08-14 15:00,59514.3359375,59810.9375,58955.859375,59531.51953125
2024-08-15 13:00,58859.5546875,59415.0546875,58691.8359375,59410.9609375
2024-08-15 13:00,58859.5546875,59415.0546875,58691.8359375,59410.9609375
2024-08-15 13:00,58859.5546875,59415.0546875,58691.8359375,59410.9609375
2024-08-15 13:00,58859.5546875,59415.0546875,58691.8359375,59410.9609375
2024-08-20 10:00,60887.44921875,60893.41796875,60741.20703125,60775.39453125
2024-08-21 15:00,59431.23828125,59756.34375,59346.578125,59643.4296875
2024-08-21 19:00,60802.5625,61563.75390625,60793.76953125,61563.75390625
2024-08-22 13:00,60887.13671875,60911.453125,60498.73046875,60873.21875
2024-08-22 14:00,60842.46484375,60842.46484375,60395.36328125,60582.68359375
2024-08-22 14:00,60842.46484375,60842.46484375,60395.36328125,60582.68359375
2024-08-22 15:00,60556.640625,60806.890625,60166.6328125,60397.9296875
2024-08-23 15:00,61012.3984375,61748.875,60988.37109375,61550.59765625
2024-08-23 15:00,61012.3984375,61748.875,60988.37109375,61550.59765625
2024-08-26 13:00,63650.66796875,63853.6484375,63536.4921875,63774.51171875
2024-08-27 07:00,62780.33984375,62951.0390625,62780.33984375,62899.80078125
2024-08-27 15:00,61799.53125,61925.51953125,61530.19140625,61659.8828125
2024-08-28 15:00,59210.33984375,59210.33984375,58507.59765625,59007.1484375
2024-08-29 13:00,60332.27734375,60659.23046875,60226.7265625,60623.84375
2024-08-29 13:00,60332.27734375,60659.23046875,60226.7265625,60623.84375
2024-08-29 13:00,60332.27734375,60659.23046875,60226.7265625,60623.84375
2024-08-30 10:00,59578.76953125,59641.27734375,59447.1484375,59605.87109375
2024-08-30 13:00,59541.35546875,59626.6640625,58981.38671875,59626.6640625
2024-08-30 13:00,59541.35546875,59626.6640625,58981.38671875,59626.6640625
2024-08-30 14:00,59648.3984375,59781.671875,58493.59765625,58493.59765625
2024-09-03 14:00,58268.72265625,58309.74609375,57593.9140625,57690.8046875
2024-09-03 15:00,57649.53125,57965.73046875,57632.51171875,57679.83984375
2024-09-03 15:00,57649.53125,57965.73046875,57632.51171875,57679.83984375
2024-09-04 15:00,57566.02734375,58139.38671875,57385.46875,58139.38671875
2024-09-05 13:00,56663.703125,57077.375,56605.7265625,56949.1484375
2024-09-05 13:00,56663.703125,57077.375,56605.7265625,56949.1484375
2024-09-05 14:00,57192.05859375,57225.73046875,56555.6171875,56690.24609375
2024-09-05 15:00,56462.0546875,56609.97265625,55870.86328125,55987.69140625
2024-09-05 15:00,56462.0546875,56609.97265625,55870.86328125,55987.69140625
2024-09-05 16:00,56003.1171875,56365.34375,55983.3515625,56325.55859375
2024-09-06 13:00,56810.15625,56976.109375,55981.3515625,55981.3515625
2024-09-06 13:00,56810.15625,56976.109375,55981.3515625,55981.3515625
2024-09-06 13:00,56810.15625,56976.109375,55981.3515625,55981.3515625
2024-09-10 07:00,56838.76171875,57282.97265625,56795.34765625,57206.94140625
2024-09-11 13:00,56747.33984375,57105.1640625,55834.453125,55838.640625
2024-09-11 13:00,56747.33984375,57105.1640625,55834.453125,55838.640625
2024-09-11 13:00,56747.33984375,57105.1640625,55834.453125,55838.640625
2024-09-11 15:00,55934.265625,56941.46875,55857.0390625,56716.01171875
2024-09-11 18:00,57694.21484375,57977.3828125,57421.953125,57500.859375
2024-09-12 13:00,57692.46875,57842.15234375,57360.32421875,57544.05859375
2024-09-12 13:00,57692.46875,57842.15234375,57360.32421875,57544.05859375
2024-09-12 13:00,57692.46875,57842.15234375,57360.32421875,57544.05859375
2024-09-12 13:00,57692.46875,57842.15234375,57360.32421875,57544.05859375
2024-09-12 13:00,57692.46875,57842.15234375,57360.32421875,57544.05859375
2024-09-12 18:00,58389.53125,58442.23046875,58021.30078125,58148.8125
2024-09-17 13:00,59386.515625,59386.515625,58910.32421875,58949.078125
2024-09-17 13:00,59386.515625,59386.515625,58910.32421875,58949.078125
2024-09-18 10:00,59665.32421875,59911.66015625,59392.53125,59911.66015625
2024-09-18 15:00,59478.9375,59724.62890625,59356.25390625,59476.66796875
2024-09-18 19:00,60654.421875,60686.265625,60063.84765625,60063.84765625
2024-09-18 19:00,60654.421875,60686.265625,60063.84765625,60063.84765625
2024-09-18 19:00,60654.421875,60686.265625,60063.84765625,60063.84765625
2024-09-18 19:00,60654.421875,60686.265625,60063.84765625,60063.84765625
2024-09-19 13:00,62929.56640625,63301.07421875,62738.375,63033.53515625
2024-09-19 13:00,62929.56640625,63301.07421875,62738.375,63033.53515625
2024-09-19 15:00,62943.01171875,63356.37890625,62900.5390625,63177.40625
2024-09-23 14:00,63174.90234375,63739.953125,63174.90234375,63398.52734375
2024-09-23 14:00,63174.90234375,63739.953125,63174.90234375,63398.52734375
